Player,MP,3PAr,TOV%,USG%,DBPM,BPM,Pos,3PA,2P%,FT%,TRB,AST,STL,BLK,TOV,PF,PTS
Tariq Abdul-Wahad,1578,0.036,12.7,22.5,-0.1,-1.2,SG,0.4,0.435,0.756,4.8,1.6,1.0,0.5,1.7,2.4,11.4
Shareef Abdur-Rahim,3223,0.075,14.1,25.0,-0.4,2.2,SF,1.2,0.478,0.809,10.1,3.3,1.1,1.1,3.0,3.0,20.3
Cory Alexander,329,0.357,20.6,18.0,1.8,-2.4,PG,1.2,0.302,0.773,1.4,2.0,0.8,0.1,1.0,1.3,2.8
Ray Allen*,3070,0.288,10.3,25.6,-1.1,3.6,SG,5.0,0.468,0.887,4.4,3.8,1.3,0.2,2.2,2.3,22.1
Rafer Alston,361,0.147,23.1,15.5,-2.3,-7.3,PG,0.5,0.296,0.75,0.9,2.6,0.4,0.0,1.1,1.1,2.2
John Amaechi,1684,0.009,14.4,24.1,-0.8,-2.5,C,0.1,0.439,0.766,3.3,1.2,0.4,0.5,1.7,2.0,10.5
Derek Anderson,2201,0.207,14.4,23.4,-1.2,-0.1,SG,2.8,0.472,0.877,4.0,3.4,1.4,0.2,2.6,2.3,16.9
Kenny Anderson,2593,0.223,10.6,20.5,0.1,1.8,PG,2.7,0.456,0.775,2.7,5.1,1.7,0.1,1.6,2.8,14.0
Nick Anderson,2094,0.508,10.4,18.1,0.3,-0.3,SG,5.5,0.452,0.487,4.7,1.7,1.3,0.2,1.3,1.6,10.8
Shandon Anderson,2700,0.289,17.9,17.6,-0.2,-0.5,SF,2.7,0.523,0.767,4.7,2.9,1.2,0.4,2.4,2.2,12.3
Chris Anstey,1007,0.016,15.7,23.1,-0.1,-2.3,C,0.1,0.447,0.789,3.8,0.9,0.4,0.3,1.1,2.5,6.0
Greg Anthony,1548,0.56,15.4,16.4,0.8,1.2,PG,2.8,0.443,0.772,1.6,2.5,0.7,0.1,1.0,1.7,6.3
B.J. Armstrong,583,0.156,16.9,18.6,-2.0,-3.8,PG,1.1,0.446,0.88,1.7,2.9,0.3,0.0,1.5,1.3,7.4
Darrell Armstrong,2590,0.36,16.8,23.9,0.9,4.5,PG,4.9,0.485,0.911,3.3,6.1,2.1,0.1,3.0,1.7,16.2
Chucky Atkins,1626,0.22,15.1,24.3,-1.4,-0.8,PG,2.0,0.445,0.729,1.5,3.7,0.6,0.0,1.7,1.7,9.5
Stacey Augmon,692,0.011,16.0,15.8,1.0,-0.5,SG,0.0,0.48,0.673,2.0,0.9,0.5,0.2,0.6,1.2,3.4
Isaac Austin,1173,0.011,20.6,19.6,-0.1,-3.2,C,0.1,0.431,0.686,4.8,1.3,0.3,0.6,1.8,2.2,6.7
Anthony Avent,377,0.0,17.9,15.8,-0.5,-7.4,PF,0.0,0.302,0.719,1.5,0.2,0.3,0.3,0.5,1.3,1.7
William Avery,484,0.348,17.6,22.3,-2.0,-6.3,PG,1.1,0.322,0.667,0.7,1.5,0.2,0.0,0.7,1.0,2.6
Toby Bailey,449,0.071,12.5,18.9,-0.1,-3.1,SG,0.2,0.431,0.692,1.6,0.7,0.3,0.1,0.5,1.2,3.5
Vin Baker,2849,0.007,14.0,23.6,-1.5,-3.0,C,0.1,0.457,0.682,7.7,1.9,0.6,0.8,2.7,3.6,16.6
Charles Barkley*,620,0.117,14.0,22.3,-0.6,2.0,PF,1.3,0.51,0.645,10.5,3.2,0.7,0.2,2.2,2.4,14.5
Dana Barros,1139,0.331,12.3,20.4,-1.4,0.3,PG,2.0,0.471,0.868,1.4,1.8,0.4,0.1,0.9,1.1,7.2
Brent Barry,2726,0.564,15.5,14.9,0.9,1.8,SG,5.0,0.529,0.809,4.7,3.6,1.3,0.4,1.8,2.9,11.8
Jon Barry,1281,0.445,17.6,15.7,2.0,2.8,SG,2.5,0.495,0.922,2.6,2.4,1.2,0.1,1.4,1.7,8.0
Tony Battie,1505,0.017,11.3,17.1,-0.1,-1.4,C,0.1,0.483,0.675,5.0,0.8,0.6,0.9,0.8,3.0,6.6
Corey Benjamin,862,0.254,16.1,24.4,-0.7,-3.9,SG,1.9,0.437,0.598,1.8,1.1,0.6,0.5,1.5,2.5,7.7
Travis Best,1691,0.166,14.2,20.2,0.7,0.7,PG,1.1,0.504,0.821,1.7,3.3,0.9,0.1,1.3,2.5,8.9
Mike Bibby,3155,0.206,17.8,20.0,-1.3,0.6,PG,2.6,0.466,0.78,3.7,8.1,1.6,0.2,3.0,2.1,14.5
Chauncey Billups,305,0.406,16.6,20.6,-0.4,-2.6,SG,3.2,0.45,0.841,2.6,3.0,0.8,0.2,1.8,2.1,8.6
Mookie Blaylock,2459,0.36,14.0,17.5,0.2,0.9,PG,4.1,0.422,0.705,3.7,6.7,2.0,0.3,2.0,1.7,11.3
Corie Blount,446,0.022,21.3,13.0,0.2,-4.2,PF,0.1,0.506,0.576,3.0,0.3,0.4,0.2,0.7,2.1,2.8
Muggsy Bogues,1731,0.142,13.0,11.6,-0.1,-1.6,PG,0.6,0.456,0.908,1.7,3.7,0.8,0.1,0.7,1.5,5.1
Cal Bowdler,423,0.009,13.8,16.0,-0.3,-3.7,SF,0.0,0.43,0.632,1.8,0.3,0.3,0.2,0.5,1.0,2.7
Bruce Bowen,878,0.299,8.2,12.1,0.8,-2.4,SF,0.8,0.331,0.581,1.4,0.5,0.3,0.2,0.3,1.7,2.8
Ryan Bowen,589,0.077,9.1,11.4,1.5,-0.2,SF,0.2,0.417,0.717,2.2,0.4,0.8,0.3,0.3,1.8,2.5
Shawn Bradley,1901,0.009,10.7,16.1,1.9,0.8,C,0.1,0.482,0.765,6.5,0.8,0.9,2.5,1.0,3.4,8.4
Elton Brand,2999,0.002,12.9,27.0,-0.9,1.3,PF,0.0,0.483,0.685,10.0,1.9,0.8,1.6,2.8,3.2,20.1
Terrell Brandon,2587,0.127,14.0,23.0,0.3,4.3,PG,1.9,0.476,0.899,3.4,8.9,1.9,0.4,2.6,2.2,17.1
Chucky Brown,1096,0.03,11.4,16.5,0.1,-3.0,PF,0.2,0.459,0.692,2.7,1.0,0.3,0.3,0.7,1.8,5.3
Dee Brown,673,0.725,12.8,20.0,-0.9,-0.5,PG,4.9,0.366,0.688,1.4,2.3,0.6,0.1,1.0,1.6,6.9
P.J. Brown,2302,0.001,11.9,17.1,0.6,0.3,PF,0.0,0.481,0.755,7.5,1.8,0.8,0.8,1.3,3.3,9.6
Randy Brown,1625,0.014,18.2,16.2,-0.2,-4.8,PG,0.1,0.359,0.738,2.4,3.4,1.0,0.3,1.8,2.0,6.4
Kobe Bryant*,2524,0.122,11.8,26.8,1.6,5.1,SG,2.2,0.489,0.821,6.3,4.9,1.6,0.9,2.8,3.3,22.5
Mark Bryant,1712,0.0,18.3,12.0,-0.2,-3.5,PF,0.0,0.503,0.809,4.7,0.8,0.4,0.4,1.2,3.3,5.7
Greg Buckner,923,0.112,12.1,14.2,0.7,-1.5,SG,0.5,0.488,0.683,3.6,1.1,0.8,0.4,0.8,3.1,5.7
Jud Buechler,657,0.532,7.6,11.5,0.5,-0.7,SF,1.4,0.507,0.286,1.6,0.6,0.4,0.3,0.2,0.9,2.2
Rodney Buford,386,0.192,5.3,20.5,-0.5,-3.0,SG,0.9,0.451,0.727,1.4,0.6,0.3,0.2,0.3,1.3,4.3
Matt Bullard,1024,0.521,9.2,16.7,-0.6,-0.3,PF,3.2,0.368,0.833,2.5,1.1,0.3,0.2,0.6,1.5,6.8
Scott Burrell,1336,0.554,7.9,16.0,0.9,1.1,SF,3.1,0.444,0.78,3.5,1.0,0.9,0.6,0.5,2.3,6.1
Jason Caffey,2159,0.003,17.1,19.4,-1.7,-4.0,PF,0.0,0.48,0.597,6.8,1.7,0.9,0.3,2.4,3.8,12.0
Marcus Camby,1548,0.004,11.2,19.6,1.9,2.3,C,0.0,0.48,0.67,7.8,0.8,0.7,2.0,1.2,3.5,10.2
Elden Campbell,2538,0.007,11.4,19.7,0.6,-0.9,C,0.1,0.45,0.69,7.6,1.7,0.7,1.9,1.6,3.4,12.7
Chris Carr,1166,0.204,17.5,26.1,-1.5,-3.8,SF,1.8,0.415,0.856,3.0,1.5,0.5,0.3,2.1,2.0,9.3
Anthony Carter,1859,0.045,23.5,18.5,0.2,-2.7,PG,0.3,0.407,0.75,2.5,4.8,1.2,0.1,2.2,2.1,6.3
Vince Carter,3126,0.139,8.4,30.0,-0.1,5.5,SF,2.9,0.475,0.791,5.8,3.9,1.3,1.1,2.2,3.2,25.7
Sam Cassell,2899,0.077,16.4,25.0,-1.4,2.2,PG,1.1,0.481,0.876,3.7,9.0,1.3,0.1,3.3,3.1,18.6
Kelvin Cato,1581,0.01,12.6,15.7,0.9,-0.2,C,0.1,0.543,0.649,6.0,0.4,0.5,1.9,1.1,2.7,8.7
Cedric Ceballos,2064,0.134,10.1,26.4,-2.2,-1.0,SF,1.9,0.464,0.843,6.7,1.3,0.8,0.3,1.8,2.4,16.6
Rex Chapman,957,0.384,9.7,18.1,-0.2,-2.2,SG,2.3,0.421,0.756,1.5,1.2,0.4,0.0,0.7,1.3,6.6
Calbert Cheaney,1309,0.198,14.0,10.9,0.1,-3.7,SG,0.8,0.466,0.429,2.1,1.2,0.7,0.2,0.7,2.4,4.0
Pete Chilcutt,601,0.205,13.3,11.3,-0.8,-3.5,PF,0.5,0.465,1.0,2.3,0.5,0.3,0.2,0.4,1.3,2.1
Chris Childs,1675,0.291,21.5,13.8,0.5,-2.4,PG,1.5,0.431,0.797,2.1,4.0,0.5,0.1,1.5,3.4,5.3
Doug Christie,2264,0.36,14.4,19.6,0.2,1.4,SG,3.8,0.434,0.843,3.9,4.4,1.4,0.6,2.0,2.3,12.4
Keon Clark,1850,0.015,17.1,17.2,0.8,-0.2,C,0.1,0.548,0.688,6.2,0.9,0.6,1.4,1.5,2.9,8.6
Keith Closs,820,0.015,12.8,14.4,-0.1,-2.0,C,0.1,0.495,0.59,3.1,0.4,0.2,1.3,0.6,1.4,4.2
Derrick Coleman,2347,0.144,13.1,25.2,0.5,1.6,PF,1.9,0.471,0.785,8.5,2.4,0.5,1.8,2.3,2.6,16.7
Bimbo Coles,1924,0.064,13.6,17.4,-0.6,-2.2,PG,0.5,0.472,0.817,2.2,3.6,0.7,0.1,1.3,2.2,8.1
Tyrone Corbin,941,0.178,9.9,13.0,0.9,-2.7,SF,0.8,0.384,0.846,3.1,1.1,0.7,0.1,0.5,1.8,4.1
Chris Crawford,668,0.118,12.3,20.0,-1.3,-3.2,PF,0.5,0.416,0.778,1.8,0.6,0.3,0.3,0.7,1.5,4.6
Austin Croshere,1885,0.266,13.8,21.1,0.0,0.7,PF,2.1,0.47,0.848,6.4,1.1,0.5,0.7,1.5,2.5,10.3
John Crotty,937,0.319,15.6,16.2,-0.8,-0.9,PG,1.2,0.427,0.86,1.1,1.9,0.4,0.1,0.8,1.5,4.7
Terry Cummings,398,0.0,12.2,23.4,-1.1,-3.4,PF,0.0,0.429,0.821,4.9,1.0,0.6,0.4,1.2,3.4,8.4
Vonteego Cummings,1793,0.231,15.3,20.2,-0.5,-1.7,PG,2.0,0.429,0.751,2.5,3.3,1.2,0.2,1.8,2.3,9.4
Bill Curley,309,0.015,21.0,13.7,-0.4,-6.3,SF,0.0,0.433,0.72,1.8,0.5,0.5,0.1,0.8,2.2,2.7
Dell Curry,1095,0.533,7.9,20.5,-1.1,0.8,SG,3.6,0.467,0.75,1.5,1.3,0.5,0.1,0.6,1.0,7.6
Michael Curry,1611,0.013,13.9,14.3,-0.8,-4.0,SG,0.1,0.484,0.839,1.3,1.1,0.4,0.1,0.9,2.5,6.2
Erick Dampier,495,0.0,12.9,19.1,-1.9,-6.6,C,0.0,0.405,0.529,6.4,0.9,0.4,0.7,1.4,3.6,8.0
Antonio Daniels,1195,0.192,13.0,17.2,1.2,1.5,SG,1.0,0.507,0.713,1.3,2.6,0.8,0.1,0.9,1.1,6.2
Kornél Dávid,474,0.019,15.4,20.7,-0.9,-4.3,SF,0.1,0.435,0.804,2.5,0.5,0.5,0.1,1.0,1.8,5.6
Antonio Davis,2479,0.0,12.1,17.8,-1.0,-2.0,C,0.0,0.44,0.765,8.8,1.3,0.5,1.3,1.5,3.4,11.5
Baron Davis,1523,0.256,21.9,18.9,1.2,-0.8,PG,1.4,0.488,0.634,2.0,3.8,1.2,0.2,1.7,2.5,5.9
Dale Davis,2127,0.0,11.6,16.7,0.1,0.8,C,0.0,0.502,0.685,9.9,0.9,0.7,1.3,1.2,2.7,10.0
Emanual Davis,701,0.468,15.7,17.7,1.2,-1.9,PG,1.9,0.419,0.684,1.9,1.3,0.7,0.1,0.8,1.3,4.0
Hubert Davis,1817,0.36,12.3,13.8,-1.6,-2.0,PG,2.1,0.455,0.87,1.7,1.8,0.3,0.0,0.9,1.4,7.4
Mark Davis,464,0.015,20.2,17.9,-0.8,-4.6,SF,0.1,0.415,0.66,3.7,1.7,1.1,0.2,1.7,2.3,6.2
Ricky Davis,570,0.021,18.0,20.1,0.3,-0.3,SG,0.1,0.514,0.765,1.7,1.3,0.6,0.2,1.0,0.8,4.7
Todd Day,941,0.5,11.7,20.0,1.2,0.7,SG,2.8,0.4,0.667,2.2,1.1,0.8,0.4,0.9,2.2,6.8
Andrew DeClercq,1831,0.0,17.4,14.8,0.6,-2.3,C,0.0,0.508,0.588,5.4,0.7,0.8,0.8,1.3,3.4,6.6
Vinny Del Negro,1211,0.074,12.3,14.3,-0.8,-2.1,PG,0.4,0.482,0.897,1.6,2.4,0.5,0.0,0.7,1.2,5.2
Tony Delk,682,0.143,9.5,20.6,0.6,-0.3,PG,0.9,0.464,0.797,1.9,1.2,0.8,0.1,0.7,1.3,6.4
Michael Dickerson,3103,0.229,10.5,23.1,-1.0,0.0,SG,3.5,0.444,0.83,3.4,2.5,1.4,0.5,2.0,2.8,18.2
Vlade Divac*,2374,0.034,17.3,19.3,2.4,2.8,C,0.3,0.511,0.691,8.0,3.0,1.3,1.3,2.3,3.1,12.3
Michael Doleac,1335,0.004,10.1,20.2,0.0,-2.6,C,0.0,0.452,0.842,4.1,0.8,0.4,0.4,0.8,2.8,7.0
Sherman Douglas,309,0.178,19.0,18.2,0.2,0.3,PG,0.8,0.541,0.893,1.5,1.7,0.9,0.0,1.2,1.3,6.0
Bryce Drew,1293,0.395,13.1,17.1,-0.9,-2.1,PG,2.3,0.396,0.849,1.4,2.3,0.6,0.0,0.9,1.1,5.8
Chris Dudley,459,0.0,18.6,10.0,0.2,-5.2,C,0.0,0.343,0.333,2.9,0.1,0.1,0.4,0.4,2.0,1.2
Tim Duncan*,2875,0.009,13.5,28.7,1.8,5.6,PF,0.1,0.494,0.761,12.4,3.2,0.9,2.2,3.3,2.8,23.2
Howard Eisley,2096,0.241,15.5,18.8,-0.5,-1.7,PG,2.0,0.434,0.824,2.1,4.2,0.7,0.1,1.6,2.7,8.6
Obinna Ekezie,351,0.0,18.3,18.4,-1.7,-4.8,PF,0.0,0.466,0.672,2.4,0.2,0.2,0.1,0.7,1.6,3.2
Mario Elie,2217,0.407,19.9,13.6,1.2,-0.3,SF,2.4,0.446,0.846,3.2,2.4,0.9,0.1,1.6,2.0,7.5
Sean Elliott,391,0.349,13.7,16.4,0.2,-2.6,SF,1.9,0.362,0.781,2.5,1.5,0.6,0.1,1.0,1.8,6.0
Dale Ellis,564,0.629,10.8,14.6,-2.0,-3.1,SG,2.4,0.492,0.692,1.3,0.3,0.3,0.0,0.5,1.1,4.2
LaPhonso Ellis,1309,0.045,9.3,18.9,-0.9,-1.9,PF,0.4,0.465,0.695,5.0,1.0,0.6,0.4,0.9,2.3,8.4
Evan Eschmeyer,373,0.0,19.8,12.7,0.6,-3.5,C,0.0,0.528,0.5,3.5,0.7,0.3,0.7,0.7,2.7,2.9
Patrick Ewing*,2035,0.003,13.6,24.3,0.4,-0.2,C,0.0,0.467,0.731,9.7,0.9,0.6,1.4,2.3,3.2,15.0
Tony Farmer,1199,0.141,16.1,17.9,0.1,-0.5,PF,0.6,0.444,0.766,4.0,1.0,0.9,0.2,1.1,2.3,6.3
Jamie Feick,2241,0.007,10.9,10.8,-1.4,-2.3,C,0.0,0.424,0.707,9.3,0.8,0.5,0.5,0.7,2.5,5.7
Danny Ferry,1326,0.197,12.0,15.1,-0.2,-1.4,PF,1.2,0.511,0.912,3.8,1.1,0.3,0.4,0.9,2.9,7.3
Michael Finley,3464,0.151,9.9,25.1,-0.9,2.1,SF,3.0,0.467,0.82,6.3,5.3,1.3,0.4,2.4,2.1,22.6
Derek Fisher,1803,0.344,12.1,15.1,1.3,-1.6,PG,2.1,0.363,0.724,1.8,2.8,1.0,0.0,1.0,1.9,6.3
Danny Fortson,856,0.0,16.1,21.0,-1.9,-1.2,PF,0.0,0.528,0.735,6.7,0.5,0.4,0.1,1.2,3.3,7.6
Greg Foster,718,0.067,10.6,16.3,-0.3,-5.5,PF,0.3,0.421,0.643,1.8,0.7,0.2,0.3,0.5,1.8,3.4
Rick Fox,1473,0.363,14.0,18.5,0.9,-0.6,SF,2.2,0.464,0.808,2.4,1.7,0.6,0.3,1.1,2.5,6.5
Adonal Foyle,1654,0.0,14.5,12.5,-0.1,-2.9,C,0.0,0.508,0.378,5.6,0.6,0.3,1.8,0.9,2.9,5.5
Steve Francis,2776,0.278,19.3,25.0,-0.6,2.0,PG,4.0,0.483,0.786,5.3,6.6,1.5,0.4,4.0,3.0,18.0
Todd Fuller,399,0.0,15.7,19.4,-1.6,-6.3,C,0.0,0.418,0.604,2.7,0.1,0.2,0.2,0.7,1.1,3.3
Lawrence Funderburke,1026,0.006,8.6,18.8,-0.2,1.0,PF,0.0,0.526,0.706,3.1,0.4,0.4,0.3,0.5,1.2,6.4
Kevin Garnett*,3243,0.053,13.6,27.4,1.7,6.3,PF,1.0,0.504,0.765,11.8,5.0,1.5,1.6,3.3,2.5,22.9
Dean Garrett,604,0.0,15.0,10.5,0.9,-3.0,C,0.0,0.444,0.692,2.5,0.3,0.1,0.7,0.4,1.7,2.0
Pat Garrity,1479,0.337,11.8,20.4,-0.6,-1.6,SF,2.4,0.461,0.721,2.6,0.7,0.4,0.2,1.0,2.4,8.2
Chris Gatling,1811,0.087,14.9,26.7,-0.2,-1.0,PF,0.8,0.474,0.713,5.9,0.8,1.0,0.3,2.0,2.9,11.9
Matt Geiger,1406,0.007,12.3,23.1,-1.4,-3.5,C,0.1,0.444,0.779,6.0,0.6,0.4,0.3,1.4,3.0,9.7
Devean George,345,0.326,11.5,23.3,-1.0,-3.5,SF,1.0,0.412,0.659,1.5,0.2,0.2,0.1,0.4,1.1,3.2
Kendall Gill,2355,0.082,7.7,21.9,0.7,0.0,SF,1.0,0.428,0.71,3.7,2.8,1.8,0.5,1.2,2.8,13.1
Armen Gilliam,782,0.003,13.8,23.5,-1.4,-3.1,PF,0.0,0.438,0.779,4.2,0.8,0.2,0.3,1.1,1.7,6.7
Dion Glover,446,0.263,12.2,22.8,-1.6,-2.6,SG,1.5,0.429,0.729,1.3,0.9,0.5,0.1,0.9,0.9,6.5
Brian Grant,1322,0.006,16.5,17.8,0.2,-0.8,PF,0.0,0.491,0.675,5.5,1.0,0.5,0.4,1.3,2.6,7.3
Horace Grant,2688,0.007,8.6,11.6,0.3,-0.7,PF,0.1,0.447,0.721,7.8,2.5,0.7,0.8,0.8,2.5,8.1
A.C. Green,1929,0.01,11.0,11.0,0.8,-0.3,PF,0.0,0.449,0.695,5.9,1.0,0.6,0.2,0.6,1.5,5.0
Adrian Griffin,1927,0.138,16.2,13.0,1.4,0.6,SG,0.8,0.447,0.753,5.2,2.5,1.6,0.2,1.3,3.1,6.7
Tom Gugliotta,1767,0.012,13.0,20.4,1.2,1.4,PF,0.1,0.485,0.775,7.9,2.3,1.5,0.6,2.0,2.8,13.7
Darvin Ham,792,0.008,15.2,10.7,0.5,0.0,SF,0.0,0.559,0.449,4.9,1.2,0.8,0.8,0.8,2.9,5.1
Richard Hamilton,1373,0.127,11.2,24.2,-2.2,-3.7,SG,1.1,0.428,0.774,1.8,1.5,0.4,0.1,1.2,2.0,9.0
Tom Hammonds,372,0.0,14.7,17.3,-1.7,-5.5,PF,0.0,0.433,0.589,1.8,0.2,0.1,0.1,0.4,1.0,2.1
Anfernee Hardaway,2253,0.128,14.2,21.1,1.6,3.5,SG,1.7,0.496,0.79,5.8,5.3,1.6,0.6,2.6,2.7,16.9
Tim Hardaway*,1672,0.401,14.6,22.8,-1.1,1.8,PG,4.9,0.398,0.827,2.9,7.4,0.9,0.1,2.3,2.2,13.4
Ron Harper,2042,0.2,18.1,15.6,1.9,0.6,PG,1.3,0.421,0.68,4.2,3.4,1.1,0.5,1.7,2.1,7.0
Al Harrington,854,0.129,17.2,20.1,-0.1,-3.4,PF,0.7,0.491,0.703,3.2,0.8,0.5,0.2,1.3,2.6,6.6
Othella Harrington,2677,0.002,18.4,20.0,-1.8,-3.5,PF,0.0,0.507,0.792,6.9,1.2,0.4,0.7,2.6,3.5,13.1
Lucious Harris,1510,0.248,7.7,16.2,0.0,-0.5,SG,1.5,0.46,0.798,2.4,1.3,0.8,0.1,0.5,1.3,6.7
Hersey Hawkins,1622,0.376,19.0,14.9,0.8,-1.3,SG,2.3,0.444,0.899,2.9,2.2,1.2,0.2,1.6,2.4,7.9
Alan Henderson,2775,0.011,11.4,19.4,-1.2,-1.6,PF,0.1,0.465,0.671,7.0,0.9,1.0,0.7,1.7,2.8,13.2
Cedric Henderson,1107,0.046,15.5,17.3,-0.4,-4.9,SF,0.2,0.412,0.663,2.3,0.9,0.6,0.3,1.1,1.6,5.4
Chris Herren,597,0.54,22.9,13.4,-1.6,-4.0,PG,1.5,0.368,0.675,1.2,2.5,0.3,0.0,0.9,1.6,3.1
Grant Hill*,2776,0.069,12.4,30.5,0.1,5.4,SF,1.3,0.5,0.795,6.6,5.2,1.4,0.6,3.2,2.6,25.8
Tyrone Hill,2155,0.002,13.9,18.2,-0.4,-1.4,PF,0.0,0.485,0.691,9.2,0.8,0.9,0.4,1.8,3.6,12.0
Fred Hoiberg,845,0.409,14.0,16.6,0.7,-0.4,SG,3.0,0.419,0.908,3.5,2.7,1.3,0.1,1.4,2.1,9.0
Jeff Hornacek,2133,0.19,12.3,19.9,-0.1,1.9,SG,1.8,0.495,0.95,2.4,2.6,0.9,0.2,1.5,1.9,12.4
Robert Horry,1685,0.259,15.0,12.7,3.1,3.0,PF,1.2,0.483,0.788,4.8,1.6,1.1,1.1,1.0,2.5,5.7
Allan Houston,3169,0.191,11.6,24.0,-0.2,1.7,SG,3.0,0.494,0.838,3.3,2.7,0.8,0.2,2.3,2.7,19.7
Juwan Howard,2909,0.006,15.5,22.2,-1.4,-2.8,PF,0.1,0.462,0.735,5.7,3.0,0.8,0.3,2.7,3.6,14.9
Troy Hudson,1592,0.357,15.6,19.2,-2.5,-3.4,PG,3.1,0.414,0.811,2.4,3.9,0.7,0.0,1.7,1.0,8.8
Larry Hughes,2324,0.109,12.9,27.8,-0.6,-0.9,SG,1.5,0.421,0.74,4.3,2.5,1.4,0.3,2.4,2.3,15.0
Lindsey Hunter,2919,0.436,13.1,16.6,0.2,0.7,PG,4.7,0.419,0.76,3.0,4.0,1.6,0.3,1.8,2.6,12.7
Allen Iverson*,2853,0.151,10.3,34.4,-0.2,3.2,SG,3.7,0.435,0.713,3.8,4.7,2.1,0.1,3.3,2.3,28.4
Bobby Jackson,1034,0.133,13.0,19.5,0.9,0.3,PG,0.6,0.423,0.776,2.1,2.4,0.7,0.1,0.8,1.6,5.1
Jaren Jackson,1691,0.627,11.4,15.7,0.8,-0.5,SG,3.8,0.429,0.647,2.2,1.5,0.7,0.1,0.8,1.9,6.3
Jim Jackson,2767,0.245,12.2,24.2,-1.8,-0.8,SF,3.8,0.418,0.877,5.0,2.9,0.7,0.1,2.3,2.1,16.7
Mark Jackson,2190,0.388,22.1,16.3,-0.4,3.1,PG,2.7,0.45,0.806,3.7,8.0,0.9,0.1,2.1,1.4,8.1
Sam Jacobson,681,0.113,12.5,16.3,-0.5,-3.9,PG,0.5,0.527,0.732,1.4,0.6,0.6,0.1,0.6,2.2,4.9
Antawn Jamison,1556,0.009,11.8,26.0,-2.8,-1.6,SF,0.2,0.473,0.611,8.3,2.1,0.7,0.3,2.6,2.7,19.6
Anthony Johnson,637,0.067,15.0,14.6,0.6,-2.9,PG,0.2,0.392,0.718,0.9,1.3,0.6,0.1,0.6,1.0,2.8
Avery Johnson,2571,0.011,13.2,19.0,-0.1,0.3,PG,0.1,0.477,0.735,1.9,6.0,0.9,0.2,1.7,1.8,11.2
Ervin Johnson,2129,0.004,18.7,8.9,0.9,-0.4,C,0.0,0.518,0.605,8.1,0.6,1.0,1.6,1.0,3.7,4.8
Larry Johnson,2281,0.267,11.5,17.0,0.4,0.7,PF,2.5,0.469,0.766,5.4,2.5,0.6,0.1,1.3,2.9,10.7
Charles Jones,662,0.587,11.7,16.0,-1.5,-2.8,PG,2.1,0.325,0.739,1.1,1.7,0.5,0.1,0.5,0.8,3.4
Damon Jones,612,0.548,14.9,19.2,-1.8,-0.9,PG,2.1,0.415,0.667,1.0,1.7,0.3,0.0,0.7,0.6,4.2
Eddie Jones,2807,0.305,10.9,23.4,2.0,4.9,SG,4.7,0.45,0.864,4.8,4.2,2.7,0.7,2.2,2.4,20.1
Popeye Jones,330,0.029,10.4,16.5,-1.5,-3.4,PF,0.1,0.416,0.737,2.6,0.5,0.1,0.2,0.3,1.3,2.6
Adam Keefe,604,0.008,24.0,14.7,0.4,-4.0,C,0.0,0.411,0.806,2.2,0.5,0.3,0.2,0.7,1.5,2.2
Shawn Kemp,2492,0.005,16.8,30.2,-0.3,-2.1,C,0.1,0.418,0.776,8.8,1.7,1.2,1.2,3.5,4.5,17.8
Jerome Kersey,1310,0.025,12.1,14.9,2.9,-0.3,SF,0.1,0.423,0.707,3.1,1.0,0.9,0.7,0.7,2.2,4.5
Jason Kidd*,2616,0.194,19.0,20.0,2.0,4.3,PG,2.5,0.427,0.829,7.2,10.1,2.0,0.4,3.4,2.2,14.3
Gerard King,1060,0.0,11.8,14.5,-0.1,-0.9,SF,0.0,0.502,0.742,4.0,0.8,0.5,0.2,0.7,2.1,5.3
Kerry Kittles,1896,0.344,6.9,19.0,0.0,1.6,SG,3.9,0.456,0.795,3.6,2.3,1.3,0.3,0.9,1.9,13.0
Brevin Knight,1754,0.018,19.7,19.7,0.6,0.2,PG,0.2,0.416,0.761,3.0,7.0,1.6,0.3,2.4,2.8,9.3
Travis Knight,410,0.0,16.6,16.7,0.7,-5.3,C,0.0,0.39,0.607,2.0,0.4,0.1,0.4,0.4,1.4,1.7
Toni Kukoč*,1784,0.231,14.7,24.9,0.5,2.4,SF,3.0,0.452,0.725,4.9,4.7,1.4,0.5,2.6,2.0,14.8
Christian Laettner,2443,0.03,16.7,20.1,0.0,-0.8,C,0.3,0.479,0.812,6.7,2.3,1.0,0.5,2.3,4.0,12.2
Raef LaFrentz,2435,0.208,8.9,19.3,0.4,0.2,C,2.3,0.477,0.686,7.9,1.2,0.5,2.2,1.2,3.6,12.4
Voshon Lenard,1434,0.407,11.7,22.3,-0.4,0.1,SG,4.3,0.419,0.792,2.9,2.6,0.8,0.3,1.5,2.4,11.9
Quincy Lewis,896,0.211,12.5,18.9,-0.9,-5.5,SG,0.9,0.374,0.731,1.5,0.5,0.3,0.2,0.6,2.1,3.8
Rashard Lewis,1575,0.212,11.2,19.6,0.0,0.6,SF,1.5,0.527,0.683,4.1,0.9,0.8,0.4,1.0,2.0,8.2
Randy Livingston,1081,0.147,18.7,20.1,1.0,-1.8,PG,0.7,0.428,0.839,1.6,2.2,0.6,0.2,1.2,1.6,4.8
Grant Long,920,0.024,19.8,12.2,0.3,-1.7,PF,0.1,0.454,0.775,5.6,1.0,1.1,0.2,1.2,2.6,4.8
Luc Longley,1417,0.0,23.5,18.0,0.4,-4.6,C,0.0,0.466,0.825,4.5,1.1,0.3,0.6,1.9,3.1,6.3
Felipe López,781,0.069,14.6,21.1,-0.9,-2.7,SG,0.3,0.444,0.615,1.9,0.7,0.5,0.3,0.8,1.4,4.5
George Lynch,2416,0.056,14.2,15.3,1.6,1.0,SF,0.5,0.464,0.617,7.8,1.8,1.6,0.5,1.6,3.1,9.6
Todd MacCulloch,528,0.0,12.3,17.5,1.6,0.0,C,0.0,0.553,0.519,2.6,0.2,0.2,0.7,0.5,1.7,3.7
Sam Mack,333,0.525,12.7,18.9,-0.5,-4.4,SF,2.8,0.276,0.95,1.7,1.0,0.8,0.0,0.8,2.0,5.0
Corey Maggette,1370,0.023,19.1,22.1,-1.0,-2.5,SF,0.1,0.485,0.751,3.9,0.8,0.3,0.3,1.8,2.2,8.4
Dan Majerle,2308,0.72,12.1,10.4,2.1,1.9,SG,4.4,0.508,0.812,4.8,3.0,1.3,0.2,0.9,2.3,7.3
Karl Malone*,2947,0.005,11.4,31.9,1.1,7.5,PF,0.1,0.511,0.797,9.5,3.7,1.0,0.9,2.8,2.8,25.5
Matt Maloney,1175,0.547,15.7,15.6,-1.5,-2.9,PG,3.4,0.361,0.822,1.3,2.7,0.6,0.1,1.2,0.8,6.4
Danny Manning,1217,0.012,13.2,15.2,0.7,-2.6,PF,0.1,0.442,0.654,2.9,1.0,0.9,0.4,0.8,2.5,4.6
Stephon Marbury,2881,0.177,14.8,28.2,-1.3,2.4,PG,3.1,0.464,0.813,3.2,8.4,1.5,0.2,3.6,2.6,22.2
Shawn Marion,1260,0.047,9.1,19.6,0.9,1.3,SF,0.4,0.486,0.847,6.5,1.4,0.7,1.0,1.0,2.2,10.2
Donyell Marshall,2071,0.164,11.4,21.9,-0.5,0.7,PF,2.2,0.402,0.78,10.0,2.6,1.1,1.1,1.9,2.8,14.2
Darrick Martin,893,0.354,13.4,21.7,-1.1,-3.0,PG,1.7,0.42,0.824,0.6,1.7,0.4,0.0,0.9,1.3,5.7
Jamal Mashburn,2828,0.24,12.5,23.8,-0.4,0.5,SF,3.7,0.458,0.778,5.0,3.9,1.0,0.2,2.4,2.8,17.5
Anthony Mason,3133,0.002,15.9,14.4,0.7,0.8,SF,0.0,0.48,0.746,8.5,4.5,0.9,0.4,2.0,2.7,11.6
Vernon Maxwell,989,0.455,8.7,27.1,-1.3,-2.2,SG,4.7,0.382,0.73,1.7,1.6,0.8,0.2,1.1,1.8,10.9
Walter McCarty,879,0.478,20.9,15.8,-1.0,-3.5,PF,1.8,0.367,0.722,1.8,1.1,0.4,0.4,1.1,1.4,3.8
George McCloud,2118,0.444,15.7,17.5,-0.7,-0.2,SF,3.6,0.448,0.818,3.7,3.2,0.6,0.3,1.7,2.3,10.1
Jelani McCoy,746,0.0,17.2,15.5,0.7,-2.5,C,0.0,0.576,0.495,3.1,0.4,0.3,0.8,0.8,2.2,4.3
Antonio McDyess,2698,0.002,13.8,26.9,-0.1,0.7,PF,0.0,0.508,0.626,8.5,2.0,0.9,1.7,2.8,3.9,19.1
Tracy McGrady*,2462,0.064,11.8,24.3,0.9,3.5,SF,0.8,0.463,0.707,6.3,3.3,1.1,1.9,2.0,2.5,15.4
Jim McIlvaine,1048,0.0,17.5,9.2,2.4,-2.1,C,0.0,0.416,0.518,3.5,0.5,0.4,1.8,0.6,3.1,2.4
Jeff McInnis,597,0.113,12.2,16.4,-2.4,-4.6,PG,0.8,0.442,0.765,2.9,3.6,0.6,0.1,1.1,2.2,7.2
Derrick McKey,634,0.213,12.5,10.9,2.3,0.8,SF,0.7,0.388,0.768,4.2,1.1,0.9,0.4,0.6,2.5,4.3
Aaron McKie,1952,0.204,14.7,17.3,2.2,1.2,SG,1.5,0.424,0.829,3.0,2.9,1.3,0.2,1.4,2.4,8.0
Roshown McLeod,860,0.039,14.0,21.7,-1.9,-5.3,SF,0.3,0.404,0.771,3.1,1.2,0.4,0.1,1.3,1.9,7.2
Ron Mercer,2377,0.044,11.2,24.4,-1.3,-3.1,SG,0.7,0.431,0.789,3.7,2.3,1.1,0.3,2.2,2.2,16.9
Andre Miller,2093,0.065,15.8,21.8,0.0,1.9,PG,0.6,0.466,0.774,3.4,5.8,1.0,0.2,2.0,2.4,11.1
Anthony Miller,476,0.0,13.7,12.8,-0.4,-2.4,PF,0.0,0.536,0.51,4.7,0.5,0.3,0.3,0.5,1.9,3.7
Brad Miller,961,0.007,11.2,19.9,-0.5,0.2,C,0.0,0.464,0.785,5.3,0.8,0.4,0.6,0.9,2.0,7.7
Oliver Miller,1088,0.0,21.8,13.7,3.1,2.0,C,0.0,0.588,0.671,5.1,1.3,0.8,1.6,1.5,2.6,6.3
Reggie Miller*,2987,0.388,9.6,20.5,-0.3,2.7,SG,5.0,0.473,0.919,3.0,2.3,1.0,0.3,1.6,1.6,18.1
Chris Mills,649,0.103,7.1,23.0,-1.0,0.5,SF,1.5,0.439,0.81,6.2,2.4,0.9,0.2,1.3,3.0,16.1
Terry Mills,1842,0.496,8.4,13.1,0.1,-0.3,PF,3.0,0.484,0.735,4.8,1.0,0.5,0.3,0.6,3.0,6.7
Sam Mitchell,1227,0.061,9.6,16.9,-0.3,-1.7,SF,0.3,0.448,0.88,2.1,1.7,0.4,0.2,0.7,1.8,6.5
Cuttino Mobley,2496,0.287,13.7,23.9,-0.8,-0.1,SG,3.6,0.46,0.847,3.6,2.6,1.1,0.4,2.3,2.1,15.8
Eric Montross,332,0.0,26.7,10.9,-0.5,-9.3,C,0.0,0.309,0.5,1.4,0.1,0.1,0.2,0.4,1.6,0.8
Mikki Moore,488,0.0,11.9,17.4,0.5,0.7,C,0.0,0.621,0.794,3.9,0.6,0.3,1.1,0.8,3.6,7.9
Alonzo Mourning*,2748,0.003,13.1,28.1,2.2,5.3,C,0.1,0.553,0.711,9.5,1.6,0.5,3.7,2.7,3.9,21.7
Chris Mullin*,582,0.588,12.0,18.2,1.6,3.4,SG,2.3,0.455,0.902,1.6,0.8,0.6,0.2,0.6,1.3,5.1
Eric Murdock,693,0.205,19.5,19.1,0.6,-1.8,PG,1.1,0.387,0.638,1.9,2.7,1.2,0.1,1.5,1.7,5.6
Lamond Murray,2365,0.136,13.9,24.3,-0.3,-0.3,SF,1.9,0.465,0.761,5.7,1.8,1.4,0.5,2.5,2.8,15.9
Tracy Murray,1831,0.393,10.3,19.8,-1.0,0.6,SF,3.3,0.435,0.851,3.4,0.9,0.6,0.3,1.1,2.3,10.2
Dikembe Mutombo*,2984,0.0,18.7,13.8,1.5,2.4,C,0.0,0.562,0.708,14.1,1.3,0.3,3.3,2.1,3.0,11.5
Steve Nash*,1532,0.41,20.3,14.5,-1.5,-0.9,PG,2.7,0.528,0.882,2.2,4.9,0.7,0.1,1.8,2.2,8.6
Tyrone Nesby,2317,0.307,9.3,21.1,-1.7,-2.7,SG,3.8,0.426,0.791,3.8,1.7,1.0,0.4,1.4,2.8,13.3
Rasho Nesterović,1723,0.005,12.9,14.4,0.3,-2.6,C,0.0,0.478,0.573,4.6,1.1,0.3,1.0,0.9,3.2,5.7
Johnny Newman,1763,0.305,11.0,20.5,-1.3,-1.9,SF,2.3,0.476,0.838,1.9,0.8,0.6,0.1,1.1,2.5,10.0
Moochie Norris,502,0.182,13.6,19.3,0.1,1.7,PG,1.0,0.438,0.781,2.3,3.1,0.8,0.0,1.0,1.1,6.9
Dirk Nowitzki,2938,0.274,10.0,21.2,-0.5,1.6,PF,3.7,0.491,0.83,6.5,2.5,0.8,0.8,1.7,3.1,17.5
Jermaine O'Neal,859,0.005,15.1,16.8,0.1,-2.5,C,0.0,0.489,0.582,3.3,0.3,0.2,0.8,0.7,1.8,3.9
Shaquille O'Neal*,3163,0.001,9.9,31.2,2.0,9.3,C,0.0,0.575,0.524,13.6,3.8,0.5,3.0,2.8,3.2,29.7
Charles Oakley,2431,0.073,20.5,13.7,1.1,-2.2,PF,0.5,0.424,0.776,6.8,3.2,1.3,0.6,1.9,3.7,6.9
Lamar Odom,2767,0.16,17.6,23.5,-0.2,0.6,SF,2.2,0.453,0.719,7.8,4.2,1.2,1.3,3.4,3.8,16.6
Hakeem Olajuwon*,1049,0.005,13.4,22.7,1.3,0.4,C,0.0,0.461,0.616,6.2,1.4,0.9,1.6,1.7,2.0,10.3
Michael Olowokandi,2493,0.0,17.4,18.1,-1.4,-6.0,C,0.0,0.437,0.651,8.2,0.5,0.4,1.8,2.2,3.8,9.8
Greg Ostertag,1606,0.004,18.4,12.3,1.7,-0.3,C,0.0,0.466,0.636,6.0,0.2,0.2,2.1,1.0,2.4,4.5
Bo Outlaw,2326,0.009,24.5,9.8,3.6,4.5,PF,0.0,0.607,0.506,6.4,3.0,1.4,1.8,1.6,2.5,6.0
Doug Overton,432,0.182,10.9,18.4,-1.9,-3.5,PG,0.6,0.405,0.952,0.7,1.1,0.2,0.0,0.4,1.0,3.2
Billy Owens,1305,0.095,17.4,16.3,0.3,-2.6,PF,0.5,0.429,0.594,4.9,1.6,0.5,0.3,1.4,2.7,6.0
Robert Pack,665,0.048,22.3,22.6,-1.8,-1.8,PG,0.4,0.42,0.808,1.4,5.8,1.1,0.1,2.6,1.5,8.9
Scott Padgett,432,0.314,12.7,18.6,-0.5,-4.5,PF,0.9,0.323,0.704,1.9,0.5,0.3,0.2,0.5,1.2,2.6
Milt Palacio,394,0.02,27.8,18.3,-0.4,-4.4,PG,0.0,0.448,0.595,1.0,0.9,0.4,0.0,0.8,0.6,2.0
Cherokee Parks,808,0.007,14.8,10.7,1.4,-0.6,C,0.0,0.5,0.649,3.3,0.6,0.5,0.8,0.5,2.1,3.0
Ruben Patterson,2097,0.041,15.2,19.9,0.1,1.9,SF,0.3,0.539,0.692,5.4,1.6,1.2,0.5,1.8,2.3,11.6
Gary Payton*,3425,0.312,10.8,26.8,0.7,6.4,PG,6.3,0.497,0.735,6.5,8.9,1.9,0.2,2.7,2.2,24.2
Anthony Peeler,2073,0.352,9.9,18.7,-0.5,-0.5,SG,3.1,0.491,0.798,2.8,2.4,0.8,0.1,1.0,2.1,9.8
Will Perdue,1012,0.0,26.7,13.2,0.1,-5.3,C,0.0,0.351,0.476,3.9,1.0,0.2,0.6,1.2,1.9,2.5
Sam Perkins,1620,0.494,11.5,15.3,0.1,0.6,PF,2.7,0.426,0.825,3.6,0.8,0.4,0.4,0.8,1.7,6.6
Elliot Perry,803,0.133,15.7,21.2,-1.2,-1.8,PG,0.7,0.459,0.806,1.0,2.3,0.7,0.0,1.0,0.8,5.3
Chuck Person,340,0.772,8.7,18.0,-1.2,-5.5,SF,2.6,0.464,0.5,1.4,0.6,0.1,0.1,0.3,1.5,2.8
Wesley Person,2056,0.382,8.0,15.8,-0.5,0.3,SG,3.2,0.431,0.792,3.4,1.8,0.5,0.2,0.8,1.5,9.2
Bobby Phills,825,0.272,11.7,22.4,0.3,0.2,SG,3.3,0.5,0.723,2.5,2.8,1.5,0.3,1.7,2.6,13.6
Eric Piatkowski,1712,0.424,8.5,17.5,-2.1,-1.9,SF,3.2,0.439,0.85,3.0,1.1,0.6,0.2,0.8,1.9,8.7
Paul Pierce*,2583,0.255,12.1,24.8,0.9,3.9,SF,3.8,0.476,0.798,5.4,3.0,2.1,0.8,2.4,3.2,19.5
Scottie Pippen*,2749,0.306,17.8,19.6,1.7,3.6,SF,3.2,0.506,0.717,6.3,5.0,1.4,0.5,2.5,2.5,12.5
Scot Pollard,1336,0.0,12.4,12.6,1.0,0.1,C,0.0,0.527,0.717,5.3,0.6,0.7,0.8,0.7,2.8,5.4
Olden Polynice,1819,0.005,13.8,12.9,0.0,-2.8,C,0.0,0.51,0.311,5.5,0.5,0.4,1.0,0.9,3.2,5.3
Terry Porter,1613,0.447,15.7,18.3,0.8,3.4,PG,3.0,0.457,0.806,2.8,3.3,0.7,0.1,1.5,1.2,9.4
James Posey,2052,0.41,13.6,14.8,1.2,0.7,SF,2.7,0.468,0.8,3.9,1.8,1.2,0.4,1.2,2.6,8.2
Vitaly Potapenko,1797,0.002,17.5,20.0,-1.7,-3.5,C,0.0,0.5,0.681,6.3,1.0,0.5,0.4,1.8,3.0,9.2
Brent Price,424,0.571,25.7,19.7,-1.6,-4.0,PG,1.7,0.314,0.872,0.9,1.7,0.4,0.0,1.1,1.5,3.4
Theo Ratliff,1795,0.0,15.4,17.2,2.0,1.2,PF,0.0,0.503,0.771,7.6,0.6,0.6,3.0,1.9,3.2,11.9
Bryant Reeves,1773,0.007,15.8,19.3,-1.4,-4.9,C,0.1,0.452,0.648,5.7,1.2,0.5,0.6,1.7,3.6,8.9
Don Reid,498,0.0,15.3,13.3,2.1,-1.8,PF,0.0,0.536,0.706,2.7,0.3,0.6,0.8,0.6,3.1,3.8
J.R. Reid,602,0.055,11.7,12.7,-0.7,-3.6,PF,0.2,0.433,0.768,3.4,0.5,0.6,0.1,0.6,2.4,4.4
Glen Rice,2530,0.234,9.0,22.0,-0.3,0.9,SF,2.9,0.449,0.874,4.1,2.2,0.6,0.2,1.4,2.2,15.9
Mitch Richmond*,2397,0.23,11.4,25.0,-0.2,1.1,SG,3.3,0.438,0.876,2.9,2.5,1.5,0.2,2.1,2.6,17.4
Isaiah Rider,2084,0.168,12.4,28.8,-2.3,-1.4,SG,3.0,0.441,0.785,4.3,3.7,0.7,0.1,2.8,2.2,19.3
Clifford Robinson,2839,0.284,11.2,22.9,0.4,2.5,SF,4.1,0.501,0.782,4.5,2.8,1.1,0.8,2.1,3.0,18.5
David Robinson*,2557,0.002,11.6,25.6,2.7,5.8,C,0.0,0.513,0.726,9.6,1.8,1.2,2.3,2.1,3.1,17.8
Eddie Robinson,1112,0.01,8.6,18.3,0.2,0.6,SF,0.1,0.555,0.734,2.7,0.5,0.7,0.4,0.6,1.0,7.0
Glenn Robinson,2909,0.162,12.3,27.6,-1.9,0.1,SF,2.9,0.493,0.802,6.0,2.4,1.0,0.5,2.8,2.6,20.9
Dennis Rodman*,389,0.032,33.8,6.4,-0.7,-3.2,PF,0.1,0.4,0.714,14.3,1.2,0.2,0.1,1.6,3.4,2.8
Carlos Rogers,1101,0.043,14.1,17.8,-0.9,-0.9,C,0.3,0.545,0.591,5.2,0.8,0.3,0.6,1.2,1.5,8.0
Rodney Rogers,2286,0.297,14.1,22.2,1.1,2.6,PF,3.2,0.506,0.639,5.5,2.1,1.1,0.6,2.0,3.5,13.8
Roy Rogers,355,0.011,8.6,14.2,0.7,-1.8,PF,0.0,0.402,0.463,2.0,0.2,0.1,1.0,0.3,0.9,2.2
Sean Rooks,1001,0.0,17.8,17.3,0.7,-2.8,C,0.0,0.431,0.73,3.5,1.0,0.4,0.7,1.0,2.4,4.4
Jalen Rose,2978,0.164,12.4,23.2,0.2,1.4,SF,2.5,0.486,0.827,4.8,4.0,1.1,0.6,2.4,2.9,18.2
Malik Rose,1341,0.008,17.3,19.7,0.5,-2.6,PF,0.0,0.458,0.722,4.5,0.6,0.5,0.7,1.3,3.1,6.7
Michael Ruffin,975,0.0,25.0,11.1,-0.4,-5.4,PF,0.0,0.42,0.489,3.5,0.6,0.4,0.4,0.8,2.4,2.2
Bryon Russell,2900,0.293,8.8,18.4,0.8,1.7,SF,3.3,0.467,0.75,5.2,1.9,1.6,0.3,1.2,3.1,14.1
Arvydas Sabonis*,1688,0.032,12.4,21.4,1.9,3.6,C,0.3,0.509,0.843,7.8,1.8,0.7,1.2,1.5,2.8,11.8
John Salley,303,0.0,18.1,14.4,2.7,-2.9,C,0.0,0.362,0.75,1.4,0.6,0.2,0.3,0.4,1.5,1.6
Detlef Schrempf,1662,0.12,15.9,17.4,0.8,1.1,SF,0.7,0.436,0.833,4.3,2.6,0.5,0.2,1.3,2.4,7.5
Dennis Scott,1263,0.568,7.7,14.0,-1.1,-2.2,SF,2.9,0.375,0.842,1.6,1.0,0.4,0.1,0.5,1.6,5.6
Malik Sealy,2392,0.045,11.2,18.6,-0.3,-0.3,SF,0.4,0.485,0.812,4.3,2.4,0.9,0.2,1.3,2.4,11.3
Brian Shaw,1249,0.18,17.8,14.8,1.1,-0.8,SG,0.8,0.398,0.759,2.9,2.7,0.5,0.2,1.0,1.4,4.1
Dickey Simpkins,1651,0.004,28.1,12.6,-0.4,-6.3,PF,0.0,0.407,0.542,5.4,1.4,0.3,0.3,1.9,3.1,4.2
Brian Skinner,775,0.0,18.5,11.4,0.1,-2.3,PF,0.0,0.507,0.662,6.1,0.3,0.5,1.3,1.1,2.3,5.4
Joe Smith,1975,0.002,13.9,19.5,-0.3,-2.4,C,0.0,0.463,0.756,6.2,1.1,0.6,1.1,1.5,3.9,9.9
Michael Smith,1145,0.005,16.0,10.9,0.1,0.4,SF,0.0,0.565,0.723,7.2,1.2,0.6,0.5,1.0,2.8,6.3
Steve Smith,2689,0.268,10.0,20.0,0.1,2.9,SG,2.9,0.492,0.85,3.8,2.5,0.9,0.4,1.4,2.6,14.9
Rik Smits,1852,0.001,9.9,26.8,-0.2,-1.5,C,0.0,0.485,0.739,5.1,1.1,0.3,1.3,1.4,3.2,12.9
Eric Snow,2866,0.075,19.4,12.8,1.4,0.1,PG,0.5,0.446,0.712,3.2,7.6,1.7,0.1,2.0,3.0,7.9
Latrell Sprewell,3276,0.097,13.2,24.7,0.5,1.0,SF,1.5,0.445,0.866,4.3,4.0,1.3,0.3,2.8,2.2,18.6
Jerry Stackhouse,3148,0.199,14.9,29.2,-1.7,1.0,SG,3.5,0.462,0.815,3.8,4.5,1.3,0.4,3.8,2.3,23.6
John Starks,1190,0.315,10.6,22.6,-1.3,-1.9,SG,4.6,0.388,0.847,2.7,4.9,1.1,0.1,1.8,2.8,13.9
Michael Stewart,389,0.0,20.2,9.6,-0.8,-8.2,C,0.0,0.377,0.563,2.2,0.1,0.1,0.5,0.4,1.9,1.4
Bryant Stith,691,0.296,12.9,16.1,0.1,0.2,SG,1.2,0.519,0.831,1.9,1.4,0.4,0.3,0.7,1.2,5.6
John Stockton*,2432,0.167,17.6,19.3,1.7,6.6,PG,1.5,0.53,0.86,2.6,8.6,1.7,0.2,2.2,2.3,12.1
Peja Stojaković,1749,0.372,10.1,20.8,-0.4,1.6,SF,3.6,0.491,0.882,3.7,1.4,0.7,0.1,1.2,1.3,11.9
Damon Stoudamire,2372,0.237,13.5,21.5,-0.3,0.9,PG,2.7,0.449,0.841,3.1,5.2,1.0,0.0,1.9,2.2,12.5
Erick Strickland,2025,0.255,11.1,20.0,0.6,1.1,SG,2.7,0.447,0.831,4.8,3.1,1.5,0.2,1.5,2.8,12.8
Mark Strickland,663,0.0,8.8,19.2,0.1,0.8,SF,0.0,0.545,0.714,2.4,0.4,0.3,0.3,0.4,1.2,4.9
Rod Strickland,2188,0.028,17.3,22.0,-0.8,1.0,PG,0.3,0.44,0.702,3.8,7.5,1.4,0.3,2.7,2.1,12.6
Bob Sura,2216,0.407,13.8,21.1,0.3,1.7,SG,4.5,0.484,0.697,3.9,3.9,1.2,0.3,2.0,2.8,13.8
Wally Szczerbiak,2171,0.117,10.1,17.1,-0.1,0.9,SF,1.1,0.531,0.826,3.7,2.8,0.8,0.3,1.1,2.4,11.6
Maurice Taylor,2227,0.008,13.6,24.8,-1.9,-3.8,PF,0.1,0.466,0.711,6.5,1.6,0.8,0.8,2.7,3.5,17.1
Jason Terry,1888,0.262,19.1,19.2,-0.6,-1.0,PG,1.9,0.458,0.807,2.0,4.3,1.1,0.1,1.9,1.6,8.1
John Thomas,477,0.009,10.1,12.9,-0.9,-6.9,C,0.0,0.462,0.39,1.4,0.2,0.2,0.3,0.3,1.9,2.1
Kenny Thomas,1797,0.23,15.2,18.0,-0.8,-2.6,PF,1.7,0.44,0.66,6.1,1.6,0.8,0.3,1.6,2.3,8.3
Kurt Thomas,1971,0.006,15.1,16.7,1.4,-0.1,PF,0.0,0.506,0.781,6.3,1.0,0.6,0.5,1.3,3.5,8.0
Tim Thomas,2093,0.242,13.0,21.0,-1.3,-0.8,SF,2.3,0.497,0.774,4.2,1.4,0.7,0.4,1.6,2.8,11.8
Otis Thorpe,777,0.012,18.3,19.4,0.1,-4.0,PF,0.1,0.521,0.604,3.3,0.6,0.5,0.2,1.2,2.7,5.5
Robert Traylor,447,0.033,15.1,17.8,0.3,-1.5,PF,0.1,0.492,0.603,2.6,0.5,0.6,0.6,0.6,1.8,3.6
Gary Trent,301,0.014,14.2,25.8,-2.2,-2.8,SF,0.2,0.5,0.524,4.7,2.0,0.7,0.3,2.3,2.5,13.7
Nick Van Exel,2950,0.331,14.4,22.7,-2.2,-0.2,PG,5.1,0.419,0.817,3.9,9.0,0.9,0.1,2.8,1.9,16.1
Keith Van Horn,2782,0.181,14.6,26.8,-1.5,-0.3,PF,2.9,0.462,0.847,8.5,2.0,0.8,0.8,3.1,3.2,19.2
Jacque Vaughn,884,0.13,20.7,19.5,-0.9,-4.3,PG,0.4,0.417,0.75,0.8,1.6,0.4,0.0,1.0,1.2,3.7
Antoine Walker,3003,0.189,13.2,28.3,-1.1,0.7,PF,3.5,0.471,0.699,8.0,3.7,1.4,0.4,3.2,3.2,20.5
Samaki Walker,980,0.0,15.1,20.0,-0.1,-2.7,PF,0.0,0.449,0.683,3.8,0.5,0.1,0.5,0.9,1.5,5.1
Ben Wallace*,1959,0.0,14.9,9.7,2.1,1.8,PF,0.0,0.503,0.474,8.2,0.8,0.9,1.6,0.8,2.0,4.8
John Wallace,798,0.009,14.3,26.1,-0.6,-2.8,SF,0.1,0.471,0.804,2.3,0.4,0.2,0.2,1.1,1.7,6.5
Rasheed Wallace,2845,0.048,11.6,21.9,1.0,2.2,PF,0.6,0.537,0.704,7.0,1.8,1.1,1.3,1.9,2.7,16.4
Rex Walters,389,0.22,22.8,15.2,-1.0,-4.4,PG,0.6,0.465,0.75,1.1,2.0,0.2,0.0,0.9,1.3,2.8
Charlie Ward,1986,0.591,17.8,13.7,2.5,2.8,PG,3.7,0.475,0.828,3.2,4.2,1.3,0.2,1.4,2.4,7.3
Clarence Weatherspoon,1615,0.0,16.7,17.3,1.2,1.2,PF,0.0,0.513,0.738,5.8,1.2,0.7,0.6,1.3,2.1,7.2
Chris Webber*,2880,0.061,11.2,28.2,2.1,5.7,PF,1.3,0.496,0.751,10.5,4.6,1.6,1.7,2.9,3.5,24.5
Bonzi Wells,1162,0.11,15.3,25.2,1.0,1.1,SF,0.8,0.506,0.682,2.8,1.5,1.0,0.2,1.5,2.3,8.8
David Wesley,2760,0.26,12.9,20.1,-0.3,0.1,PG,3.0,0.451,0.778,2.7,5.6,1.3,0.1,1.9,2.3,13.6
Doug West,581,0.021,10.5,14.2,-0.6,-4.2,SG,0.1,0.415,0.85,1.9,1.1,0.3,0.2,0.5,2.1,4.0
Jahidi White,1537,0.0,14.8,18.4,-1.1,-2.7,C,0.0,0.507,0.536,6.9,0.2,0.4,1.0,1.2,2.9,7.1
Chris Whitney,1627,0.489,15.6,18.7,-0.9,1.1,PG,3.1,0.455,0.848,1.6,3.8,0.7,0.1,1.3,2.0,7.8
Aaron Williams,1545,0.007,12.9,17.8,0.4,0.3,PF,0.0,0.526,0.726,5.0,0.7,0.5,1.1,1.0,2.9,7.6
Alvin Williams,779,0.192,13.0,20.6,-0.2,-1.1,PG,1.0,0.422,0.738,1.5,2.3,0.6,0.2,0.9,1.4,5.3
Eric Williams,1378,0.187,12.5,16.6,-0.7,-1.7,SF,1.1,0.446,0.793,2.3,1.4,0.6,0.2,1.0,2.4,7.2
Jason Williams,2760,0.519,22.0,20.3,-1.1,-1.9,PG,6.2,0.466,0.753,2.8,7.3,1.4,0.1,3.7,1.7,12.3
Jerome Williams,2102,0.007,15.3,14.3,-0.5,1.2,PF,0.0,0.567,0.616,9.6,0.8,1.2,0.3,1.3,2.4,8.4
Monty Williams,1501,0.009,15.1,20.2,0.0,-1.1,SF,0.1,0.49,0.741,3.3,1.4,0.6,0.2,1.5,2.5,8.7
Scott Williams,1488,0.0,11.9,16.4,-1.1,-2.0,C,0.0,0.5,0.729,6.6,0.4,0.6,1.0,1.0,3.4,7.6
Shammond Williams,517,0.36,13.9,24.5,-1.9,-2.8,PG,1.9,0.417,0.647,1.2,1.8,0.4,0.0,0.9,0.9,5.2
Walt Williams,1859,0.383,13.3,20.0,-0.1,1.3,SF,3.4,0.5,0.821,4.0,2.1,0.6,0.6,1.5,2.5,10.9
Corliss Williamson,1707,0.0,13.3,20.2,-0.9,-2.1,SF,0.0,0.5,0.769,3.8,1.1,0.5,0.3,1.4,2.5,10.3
Kevin Willis,1679,0.005,13.3,19.5,-2.1,-5.6,PF,0.0,0.415,0.799,6.1,0.6,0.5,0.6,1.2,3.2,7.6
Dedric Willoughby,508,0.547,15.5,21.5,-0.4,-1.0,PG,3.9,0.395,0.765,2.0,2.6,0.9,0.1,1.5,1.3,7.6
Haywoode Workman,350,0.478,15.7,14.5,-0.1,-2.5,PG,1.2,0.362,0.667,0.7,1.7,0.6,0.0,0.5,1.0,2.4
Metta World Peace,2238,0.252,15.8,21.4,0.9,-0.2,SF,2.7,0.438,0.674,4.3,2.8,1.7,0.5,2.3,2.2,12.0
Lorenzen Wright,1205,0.008,13.6,17.9,-0.9,-3.5,C,0.0,0.5,0.644,4.1,0.3,0.4,0.5,0.9,2.7,6.0
Mahmoud Abdul-Rauf,486,0.057,9.1,26.8,-2.1,-1.0,PG,0.3,0.5,0.759,0.6,1.9,0.2,0.0,0.6,1.2,6.5
Tariq Abdul-Wahad,420,0.09,21.1,17.1,-0.3,-5.8,SG,0.3,0.386,0.583,2.0,0.8,0.5,0.4,1.2,1.9,3.8
Shareef Abdur-Rahim,3241,0.05,13.2,24.6,0.1,1.8,SF,0.8,0.487,0.834,9.1,3.1,1.1,1.0,2.9,2.9,20.5
Courtney Alexander,1382,0.08,10.5,23.2,-1.9,-4.3,PG,0.7,0.421,0.82,2.2,1.0,0.7,0.1,1.2,2.1,9.5
Ray Allen*,3129,0.357,12.1,24.4,-0.3,5.5,SG,5.7,0.506,0.888,5.2,4.6,1.5,0.2,2.5,2.3,22.0
John Amaechi,1710,0.012,14.8,21.7,-1.8,-6.1,C,0.1,0.405,0.631,3.3,0.9,0.3,0.4,1.5,2.1,7.9
Derek Anderson,2859,0.255,12.4,21.9,1.2,2.4,SG,3.1,0.422,0.851,4.4,3.7,1.5,0.2,2.0,2.3,15.5
Kenny Anderson,849,0.145,16.8,16.6,-0.1,-2.0,PG,1.0,0.397,0.831,2.2,4.1,1.3,0.1,1.6,1.9,7.5
Shandon Anderson,2396,0.288,16.3,15.4,0.7,-0.4,SG,2.1,0.517,0.734,4.1,2.3,1.0,0.5,1.6,2.5,8.7
Greg Anthony,856,0.628,13.8,16.9,0.1,0.1,PG,2.7,0.34,0.657,1.1,1.4,0.7,0.1,0.7,1.1,4.9
Darrell Armstrong,2767,0.402,15.2,21.0,0.1,3.3,PG,5.4,0.451,0.884,4.6,7.0,1.8,0.2,2.7,2.1,15.9
Chucky Atkins,2363,0.356,12.9,21.2,-1.0,-1.6,PG,4.2,0.423,0.692,2.1,4.1,0.8,0.1,1.8,2.3,12.0
Stacey Augmon,1182,0.015,13.6,13.9,1.3,0.2,SG,0.1,0.485,0.655,2.4,1.5,0.7,0.3,0.7,1.6,4.7
Isaac Austin,845,0.089,15.8,18.5,0.1,-4.3,C,0.5,0.366,0.7,4.3,1.1,0.4,0.4,1.0,1.8,4.3
William Avery,463,0.41,22.0,20.0,-2.0,-4.6,PG,1.1,0.459,0.778,0.5,1.4,0.2,0.1,0.8,0.9,2.8
Vin Baker,2129,0.019,14.1,23.8,-1.8,-4.2,PF,0.2,0.429,0.723,5.7,1.2,0.5,1.0,2.1,3.5,12.2
Dana Barros,1079,0.255,11.8,20.4,-0.4,-0.3,PG,1.8,0.453,0.85,1.6,1.8,0.5,0.0,1.0,1.1,8.0
Brent Barry,1778,0.571,16.2,13.5,0.9,3.3,SG,3.4,0.517,0.816,3.1,3.4,1.2,0.2,1.3,1.9,8.8
Jon Barry,1010,0.518,15.6,14.9,0.1,0.1,SG,2.1,0.463,0.877,1.5,2.1,0.5,0.1,0.9,1.1,5.1
Tony Battie,845,0.015,13.8,14.4,1.0,-0.7,C,0.1,0.545,0.638,5.8,0.4,0.7,1.5,0.9,3.2,6.5
Jonathan Bender,574,0.22,16.3,21.0,-0.3,-4.7,SF,0.7,0.379,0.735,1.3,0.5,0.1,0.5,0.7,1.2,3.3
Corey Benjamin,857,0.268,15.7,21.8,-1.6,-5.1,PG,1.2,0.425,0.675,1.5,1.1,0.4,0.2,1.0,2.0,4.7
David Benoit,446,0.088,14.6,19.8,-1.2,-4.0,SF,0.3,0.493,0.795,1.7,0.4,0.1,0.1,0.6,1.5,3.6
Travis Best,2457,0.123,12.5,19.3,0.6,1.4,PG,1.3,0.449,0.827,2.9,6.1,1.4,0.1,1.6,3.2,11.9
Mike Bibby,3190,0.246,16.7,21.3,-1.2,0.7,PG,3.5,0.478,0.761,3.7,8.4,1.3,0.1,3.0,1.8,15.9
Chauncey Billups,1790,0.33,14.4,19.5,-0.9,-0.5,SG,2.5,0.445,0.842,2.1,3.4,0.7,0.1,1.4,2.3,9.3
Mookie Blaylock,2352,0.281,13.3,17.3,1.0,1.2,PG,3.3,0.424,0.697,3.9,6.7,2.4,0.3,1.9,1.9,11.0
Corie Blount,1305,0.027,18.1,13.2,-0.9,-3.5,PF,0.1,0.448,0.614,5.9,0.9,0.6,0.3,1.1,2.4,4.6
Mark Blount,1098,0.0,21.3,12.0,1.1,-3.1,C,0.0,0.505,0.697,3.6,0.5,0.6,1.2,1.0,2.9,3.9
Calvin Booth,933,0.0,15.6,16.3,2.7,0.7,C,0.0,0.476,0.679,4.5,0.8,0.5,2.0,1.0,2.7,5.3
Cal Bowdler,375,0.044,7.7,17.0,-0.3,-0.9,SF,0.1,0.477,0.825,1.8,0.1,0.2,0.5,0.3,1.0,3.2
Bruce Bowen,2685,0.528,10.2,13.1,1.5,-1.1,SF,3.7,0.394,0.609,3.0,1.6,1.0,0.6,0.9,3.3,7.6
Ryan Bowen,696,0.076,12.8,12.0,1.3,0.1,SF,0.2,0.571,0.614,2.0,0.5,0.6,0.2,0.4,1.7,3.4
Shawn Bradley,2001,0.013,14.3,13.9,2.5,1.6,C,0.1,0.494,0.787,7.4,0.5,0.4,2.8,1.1,3.1,7.1
Elton Brand,2906,0.002,13.3,26.3,-1.2,1.1,PF,0.0,0.477,0.708,10.1,3.2,1.0,1.6,3.0,3.3,20.1
Terrell Brandon,2821,0.08,11.2,22.2,0.5,3.1,PG,1.2,0.458,0.871,3.8,7.5,2.1,0.3,2.0,1.8,16.0
Chucky Brown,339,0.032,6.8,15.5,-0.5,-3.5,SF,0.1,0.435,0.647,2.1,0.4,0.3,0.3,0.3,1.4,3.9
P.J. Brown,2811,0.007,14.2,12.5,0.9,-0.4,C,0.1,0.447,0.852,9.3,1.6,1.0,1.2,1.4,3.3,8.5
Randy Brown,1238,0.013,18.0,11.4,1.1,-3.1,PG,0.1,0.427,0.575,1.8,2.9,1.1,0.2,1.0,2.4,4.1
Kobe Bryant*,2783,0.132,11.1,31.8,-0.3,4.8,SG,2.9,0.489,0.853,5.9,5.0,1.7,0.6,3.2,3.3,28.5
Greg Buckner,820,0.036,10.6,14.1,0.7,-0.5,SG,0.2,0.443,0.728,4.2,1.3,0.9,0.2,0.7,3.2,6.2
Jud Buechler,737,0.47,12.9,11.4,0.9,-0.9,SF,1.4,0.506,0.75,1.6,0.7,0.4,0.2,0.4,1.5,3.4
Rodney Buford,573,0.158,10.3,22.3,-0.5,-2.9,SF,0.8,0.433,0.828,1.6,0.4,0.4,0.1,0.6,1.4,5.3
Matt Bullard,1000,0.698,3.7,14.9,-1.0,1.5,PF,3.5,0.467,0.714,2.1,0.7,0.2,0.1,0.2,1.2,5.8
Jason Caffey,1460,0.0,14.3,16.6,-1.0,-2.2,PF,0.0,0.488,0.673,5.0,0.8,0.5,0.4,1.1,2.6,7.1
Marcus Camby,2127,0.014,8.5,17.0,2.5,4.6,C,0.1,0.53,0.667,11.5,0.8,1.0,2.2,1.0,3.3,12.0
Elden Campbell,2337,0.007,12.4,22.8,1.1,-0.4,PF,0.1,0.443,0.709,7.8,1.3,0.8,1.8,1.8,3.6,13.1
Chris Carr,309,0.33,12.1,23.1,-1.9,-1.3,SG,1.1,0.48,0.767,1.3,0.3,0.1,0.1,0.5,1.3,4.8
Anthony Carter,1630,0.083,18.5,19.2,1.1,-1.9,PG,0.6,0.43,0.631,2.5,3.7,1.0,0.1,1.7,2.1,6.4
Vince Carter,2979,0.24,8.2,30.7,0.1,7.6,SF,5.3,0.477,0.765,5.5,3.9,1.5,1.1,2.2,2.7,27.6
Sam Cassell,2709,0.087,14.7,24.9,-1.5,1.1,PG,1.3,0.49,0.858,3.8,7.6,1.2,0.1,2.9,2.8,18.2
Kelvin Cato,624,0.0,15.5,11.9,0.8,-1.2,C,0.0,0.577,0.649,4.0,0.3,0.4,0.9,0.7,2.5,4.7
Duane Causwell,384,0.0,19.3,15.0,0.8,-6.7,C,0.0,0.376,0.48,2.7,0.2,0.3,0.6,0.7,2.2,2.5
Cedric Ceballos,559,0.319,11.4,23.5,-0.5,-0.5,SF,1.8,0.506,0.86,2.7,0.5,0.4,0.2,0.8,1.5,6.5
Chris Childs,1859,0.316,29.9,13.3,0.8,-2.6,PG,1.4,0.45,0.845,2.6,4.6,0.8,0.2,2.0,3.1,4.7
Doug Christie,2939,0.317,14.3,16.2,2.3,2.3,SG,3.1,0.403,0.897,4.4,3.6,2.3,0.6,1.9,2.8,12.3
Keon Clark,1720,0.002,12.6,18.6,1.0,-1.1,PF,0.0,0.481,0.592,5.4,0.9,0.4,1.9,1.1,3.0,7.9
Mateen Cleaves,1268,0.043,23.2,20.5,-0.7,-5.2,PG,0.2,0.405,0.708,1.7,2.7,0.6,0.0,1.8,2.0,5.4
Derrick Coleman,683,0.2,12.4,22.8,-0.5,-0.9,PF,1.5,0.377,0.685,5.4,1.1,0.3,0.6,1.2,1.6,8.1
Bimbo Coles,804,0.067,18.3,18.1,-1.5,-4.8,PG,0.3,0.399,0.857,1.0,2.9,0.6,0.1,1.3,1.9,4.9
Chris Crawford,901,0.081,16.8,18.3,-0.9,-4.5,PF,0.5,0.468,0.819,2.3,0.8,0.4,0.3,1.3,2.5,6.8
Jamal Crawford,1050,0.385,21.0,17.9,-1.5,-4.4,PG,1.9,0.353,0.794,1.5,2.3,0.7,0.2,1.4,1.1,4.6
Austin Croshere,1874,0.295,14.5,23.4,-1.0,-1.2,PF,2.6,0.417,0.866,4.8,1.1,0.4,0.6,1.7,2.2,10.1
Vonteego Cummings,1495,0.277,13.8,18.6,-0.8,-3.4,PG,2.2,0.348,0.681,2.1,3.4,1.0,0.2,1.4,2.4,7.3
Dell Curry,956,0.38,8.8,20.7,-0.8,0.3,SG,2.0,0.422,0.843,1.2,1.1,0.4,0.1,0.5,0.9,6.0
Michael Curry,1485,0.028,14.8,12.0,0.0,-4.3,SG,0.1,0.455,0.849,1.8,1.9,0.4,0.0,0.9,2.5,5.2
Erick Dampier,1038,0.006,18.2,18.4,-0.8,-5.2,C,0.0,0.404,0.532,5.8,1.4,0.4,1.3,1.9,2.9,7.4
Antonio Daniels,2060,0.311,14.2,17.5,0.4,1.7,PG,2.3,0.496,0.776,2.1,3.8,0.8,0.2,1.4,1.5,9.4
Antonio Davis,2729,0.001,11.4,19.5,-0.8,-1.1,C,0.0,0.434,0.754,10.1,1.4,0.3,1.9,1.7,2.9,13.7
Baron Davis,3192,0.286,17.0,19.2,1.4,2.4,PG,3.3,0.474,0.677,5.0,7.3,2.1,0.4,2.8,3.3,13.8
Dale Davis,2162,0.008,10.8,13.4,-0.1,0.2,C,0.0,0.501,0.632,7.5,1.3,0.5,0.9,0.8,2.5,7.2
Emanual Davis,1290,0.399,18.4,14.7,0.7,-0.4,SG,2.0,0.435,0.818,2.5,2.2,1.0,0.2,1.2,1.6,5.8
Hubert Davis,1692,0.395,15.0,14.5,-1.1,-1.7,PG,2.6,0.45,0.871,2.1,1.7,0.5,0.0,1.2,1.8,7.9
Todd Day,345,0.585,15.8,19.9,-0.9,-2.1,SG,2.2,0.367,0.783,1.2,0.9,0.3,0.2,0.8,1.7,4.3
Andrew DeClercq,903,0.0,18.2,13.7,1.2,-2.2,C,0.0,0.554,0.573,3.5,0.5,0.6,0.5,0.8,3.0,3.9
Vinny Del Negro,922,0.056,11.8,13.6,0.4,-1.8,PG,0.2,0.475,0.932,1.3,1.9,0.4,0.0,0.5,1.2,3.9
Tony Delk,2288,0.182,9.0,22.0,0.1,-0.6,SG,2.0,0.436,0.787,3.2,2.0,0.9,0.2,1.2,2.1,12.3
Michael Dickerson,2618,0.225,12.5,22.7,-1.5,-2.2,SG,3.3,0.429,0.763,3.3,3.3,0.9,0.4,2.3,3.0,16.3
Vlade Divac*,2420,0.019,17.4,20.1,1.6,1.9,C,0.2,0.486,0.691,8.3,2.9,1.1,1.1,2.4,3.0,12.0
Michael Doleac,1398,0.006,9.6,19.4,0.1,-4.3,C,0.0,0.42,0.847,3.5,0.8,0.5,0.5,0.8,3.1,6.4
Keyon Dooling,1237,0.221,17.6,20.0,-0.9,-2.5,PG,1.1,0.426,0.698,1.2,2.3,0.5,0.1,1.2,1.4,5.9
Sherman Douglas,1094,0.132,18.3,17.9,-1.4,-3.9,PG,0.7,0.433,0.748,1.3,2.4,0.6,0.1,1.3,1.6,5.7
Bryce Drew,1305,0.321,16.9,14.4,-2.1,-4.9,PG,2.2,0.378,0.737,1.4,3.9,0.7,0.1,1.4,2.1,6.3
Chris Dudley,613,0.0,22.6,8.4,1.2,-4.2,C,0.0,0.397,0.389,3.5,0.3,0.3,0.5,0.5,2.1,1.4
Tim Duncan*,3174,0.019,12.5,28.7,1.8,4.7,PF,0.3,0.504,0.618,12.2,3.0,0.9,2.3,3.0,3.0,22.2
Kevin Edwards,634,0.112,16.1,16.6,0.5,-3.2,SG,0.4,0.338,0.811,1.8,1.1,0.6,0.2,0.8,1.0,3.5
Howard Eisley,2426,0.399,12.3,15.6,0.6,0.0,SG,3.3,0.389,0.825,2.4,3.6,1.2,0.1,1.2,2.7,9.0
Khalid El-Amin,936,0.27,13.6,19.7,-0.7,-2.4,PG,1.7,0.383,0.778,1.6,2.9,1.0,0.0,1.1,2.0,6.3
Mario Elie,1506,0.407,17.8,10.0,2.0,-0.2,SG,1.5,0.466,0.797,2.3,1.9,0.9,0.2,0.9,1.6,4.4
Sean Elliott,1229,0.381,11.9,16.3,1.1,1.7,SF,2.5,0.438,0.714,3.3,1.6,0.4,0.5,1.0,1.5,7.9
LaPhonso Ellis,1948,0.034,12.8,19.6,-0.3,-1.2,PF,0.3,0.469,0.79,6.0,1.1,0.8,0.9,1.3,3.5,9.4
Evan Eschmeyer,1331,0.0,17.8,10.1,0.4,-2.6,C,0.0,0.46,0.657,4.9,0.5,0.6,0.8,0.7,3.0,3.4
Patrick Ewing*,2107,0.003,16.0,20.3,-0.2,-3.2,C,0.0,0.431,0.685,7.4,1.2,0.7,1.2,1.9,2.9,9.6
Danny Ferry,1688,0.416,11.4,12.2,0.6,0.0,SF,2.0,0.493,0.733,2.8,0.9,0.4,0.3,0.6,2.1,5.6
Michael Finley,3443,0.169,10.1,24.9,-0.5,1.9,SF,3.2,0.481,0.775,5.2,4.4,1.4,0.4,2.3,2.1,21.5
Derek Fisher,709,0.337,11.9,15.4,0.8,0.2,PG,3.2,0.419,0.806,3.0,4.4,2.0,0.1,1.5,2.5,11.5
Marcus Fizer,1580,0.06,14.7,24.7,-2.8,-6.1,PF,0.5,0.442,0.727,4.3,1.1,0.4,0.3,1.7,2.4,9.5
Greg Foster,451,0.068,15.2,16.3,-0.2,-4.4,C,0.1,0.427,0.714,1.8,0.5,0.1,0.2,0.4,1.2,2.0
Jeff Foster,1152,0.033,17.0,12.4,-0.2,-2.1,C,0.1,0.476,0.516,5.5,0.5,0.5,0.4,0.7,2.1,3.5
Rick Fox,2291,0.464,16.3,16.3,-0.3,0.5,SF,3.7,0.488,0.779,4.0,3.2,0.9,0.4,1.7,2.7,9.6
Adonal Foyle,1457,0.0,16.3,14.0,0.8,-2.8,C,0.0,0.416,0.441,7.0,0.8,0.5,2.7,1.4,2.3,5.9
Steve Francis,3194,0.276,15.8,24.2,0.5,5.0,PG,4.2,0.472,0.817,6.9,6.5,1.8,0.4,3.3,3.4,19.9
Lawrence Funderburke,698,0.0,10.4,19.5,-1.7,-1.8,PF,0.0,0.496,0.623,3.3,0.3,0.2,0.2,0.5,0.7,4.9
Kevin Garnett*,3202,0.045,12.0,27.0,1.4,6.0,PF,0.8,0.486,0.764,11.4,5.0,1.4,1.8,2.8,2.5,22.0
Dean Garrett,831,0.0,12.6,10.8,1.0,-0.6,C,0.0,0.481,0.692,3.1,0.3,0.4,0.7,0.4,1.3,2.5
Pat Garrity,1579,0.389,9.9,19.2,-1.0,-3.0,SF,2.9,0.358,0.867,2.8,0.7,0.5,0.2,0.9,3.2,8.3
Chris Gatling,1670,0.126,12.5,25.8,-1.2,-1.9,PF,1.2,0.47,0.684,5.3,0.8,0.7,0.4,1.6,2.5,11.4
Matt Geiger,542,0.009,9.2,22.8,-1.0,-4.2,C,0.1,0.396,0.685,4.0,0.4,0.3,0.2,0.7,2.1,6.1
Devean George,593,0.329,12.8,20.0,-2.0,-7.6,SF,1.2,0.353,0.709,1.9,0.3,0.3,0.3,0.6,1.5,3.1
Kendall Gill,892,0.043,11.7,20.9,0.3,-2.7,SG,0.5,0.333,0.722,4.2,2.8,1.5,0.2,1.5,2.1,9.1
Dion Glover,929,0.137,12.8,20.2,0.4,-1.9,SG,0.8,0.455,0.681,2.3,1.2,0.9,0.2,0.9,1.6,5.9
Brian Grant,2771,0.001,12.7,23.4,0.2,-0.1,C,0.0,0.48,0.797,8.8,1.2,0.7,0.9,2.1,3.6,15.2
Horace Grant,2390,0.005,6.9,12.9,-0.6,0.0,PF,0.0,0.465,0.775,7.1,1.6,0.7,0.8,0.6,2.4,8.5
A.C. Green,1411,0.019,10.8,14.4,0.0,-2.2,PF,0.1,0.453,0.712,3.8,0.5,0.4,0.1,0.5,1.5,4.5
Adrian Griffin,377,0.268,14.3,15.1,0.1,-2.4,SF,0.6,0.338,0.75,2.0,0.6,0.4,0.1,0.4,1.0,2.1
Tom Gugliotta,1159,0.032,11.0,17.9,1.0,-2.1,PF,0.2,0.397,0.792,4.5,1.0,0.8,0.4,0.9,1.9,6.4
A.J. Guyton,630,0.359,10.7,16.5,-3.2,-4.0,PG,2.1,0.415,0.833,1.1,1.9,0.3,0.2,0.7,1.1,6.0
Darvin Ham,540,0.038,24.5,11.3,0.2,-2.5,SF,0.1,0.481,0.592,4.2,0.9,0.6,0.7,1.1,2.9,3.8
Richard Hamilton,2519,0.117,12.6,28.1,-2.6,-2.2,SF,1.9,0.46,0.868,3.1,2.9,1.0,0.1,2.6,2.6,18.1
Tim Hardaway*,2613,0.496,14.4,24.3,-0.4,2.4,PG,6.7,0.417,0.801,2.6,6.3,1.2,0.1,2.5,2.0,14.9
Ron Harper,1139,0.266,17.5,13.9,0.4,0.2,PG,1.5,0.543,0.708,3.5,2.4,0.8,0.5,1.3,1.5,6.5
Matt Harpring,1615,0.099,13.1,19.2,-1.0,-1.3,SG,0.9,0.477,0.812,4.3,1.8,0.8,0.3,1.6,2.9,11.1
Al Harrington,1892,0.013,19.5,18.8,-0.1,-3.4,PF,0.1,0.448,0.656,4.9,1.7,0.8,0.2,1.9,2.9,7.5
Othella Harrington,1815,0.006,19.3,19.2,-0.4,-3.3,C,0.0,0.49,0.763,5.2,0.8,0.5,0.6,2.0,3.2,9.0
Lucious Harris,2071,0.212,8.5,16.4,-0.4,-0.7,SG,1.8,0.445,0.77,3.9,1.8,1.0,0.2,0.9,1.7,9.4
Hersey Hawkins,681,0.336,10.3,12.4,2.6,2.8,SG,0.8,0.429,0.857,1.4,1.2,0.6,0.2,0.3,0.8,3.1
Alan Henderson,1810,0.001,13.8,22.6,-1.9,-3.0,PF,0.0,0.445,0.638,5.6,0.7,0.7,0.4,1.7,2.2,10.5
Cedric Henderson,961,0.031,18.2,16.2,-0.3,-4.8,SF,0.1,0.398,0.652,1.6,1.4,0.5,0.4,1.1,1.8,4.3
Chris Herren,408,0.573,16.5,13.5,-1.2,-5.2,PG,2.2,0.317,0.75,0.8,2.2,0.6,0.0,0.8,1.7,3.3
Tyrone Hill,2363,0.002,15.2,16.0,-0.8,-2.4,PF,0.0,0.474,0.63,9.0,0.6,0.5,0.4,1.7,3.2,9.6
Fred Hoiberg,2247,0.505,11.6,13.2,0.4,1.2,SG,3.4,0.465,0.866,4.2,3.6,1.3,0.2,1.0,2.1,9.1
Robert Horry,1587,0.411,15.9,14.0,0.6,-0.4,PF,2.0,0.415,0.711,3.7,1.6,0.7,0.7,1.0,2.7,5.2
Eddie House,550,0.223,11.8,26.2,-0.9,-3.3,PG,1.1,0.443,0.686,0.8,1.0,0.3,0.0,0.7,1.2,5.0
Allan Houston,2858,0.209,10.7,25.7,-0.1,1.1,SG,3.2,0.467,0.909,3.6,2.2,0.7,0.1,2.1,2.4,18.7
Juwan Howard,2974,0.002,14.9,24.6,-1.2,-1.2,PF,0.0,0.48,0.773,7.1,2.8,0.9,0.5,3.0,3.6,18.0
Troy Hudson,1008,0.293,18.0,22.4,-1.7,-4.3,PG,1.5,0.392,0.817,1.4,2.2,0.5,0.0,1.2,1.1,4.8
Larry Hughes,1846,0.093,14.2,24.4,-0.2,-1.4,SG,1.5,0.403,0.766,5.5,4.5,1.9,0.6,3.0,2.9,16.5
Lindsey Hunter,2002,0.52,7.6,20.2,0.1,1.2,PG,5.0,0.388,0.802,2.1,2.7,1.2,0.1,0.8,2.1,10.1
Zydrunas Ilgauskas,616,0.009,18.3,24.1,-0.4,-1.8,C,0.1,0.491,0.679,6.7,0.8,0.6,1.5,2.5,3.3,11.7
Allen Iverson*,2979,0.169,10.0,35.9,1.1,6.1,SG,4.3,0.441,0.814,3.8,4.6,2.5,0.3,3.3,2.1,31.1
Bobby Jackson,1648,0.198,15.4,17.9,1.3,0.1,PG,1.3,0.455,0.739,3.1,2.0,1.1,0.1,1.3,1.8,7.2
Jim Jackson,1690,0.127,15.5,22.3,-1.3,-3.4,SF,1.4,0.386,0.822,4.0,2.9,0.9,0.2,2.3,2.5,11.5
Marc Jackson,1410,0.045,13.6,20.5,-1.4,-1.6,C,0.5,0.478,0.802,7.5,1.2,0.7,0.6,1.9,2.9,13.2
Mark Jackson,2588,0.355,21.9,14.2,-0.2,1.0,PG,2.5,0.463,0.785,3.7,8.0,1.0,0.1,2.1,1.7,7.6
Stephen Jackson,1660,0.271,17.1,20.8,0.1,-1.6,SF,2.0,0.458,0.719,2.7,1.8,1.1,0.2,1.7,2.2,8.2
Antawn Jamison,3394,0.113,8.9,27.9,-2.0,0.8,SF,2.5,0.459,0.715,8.7,2.0,1.4,0.3,2.4,2.7,24.9
Anthony Johnson,511,0.033,17.0,17.6,0.1,-4.3,PG,0.1,0.354,0.697,0.8,1.5,0.4,0.1,0.6,1.2,2.5
Avery Johnson,1290,0.02,15.5,14.1,0.1,-1.2,PG,0.1,0.452,0.683,1.5,4.3,0.6,0.1,1.1,1.6,5.6
DerMarr Johnson,1313,0.326,17.8,17.7,-0.8,-3.5,SF,1.6,0.399,0.736,2.3,0.8,0.6,0.4,1.2,1.7,5.1
Ervin Johnson,1981,0.0,16.4,6.5,0.5,-0.8,C,0.0,0.545,0.538,7.5,0.5,0.5,1.2,0.6,3.1,3.2
Larry Johnson,2105,0.273,12.9,17.4,0.9,-0.1,PF,2.5,0.448,0.797,5.6,2.0,0.6,0.4,1.5,3.2,9.9
Damon Jones,1415,0.555,14.8,16.6,-1.1,-0.3,PG,3.3,0.465,0.712,1.7,3.2,0.5,0.0,1.1,0.8,6.5
Eddie Jones,2282,0.273,12.0,23.9,2.1,4.6,SG,3.8,0.471,0.844,4.6,2.7,1.7,0.9,2.1,2.9,17.4
Jumaine Jones,866,0.218,11.6,17.6,0.4,0.4,SF,0.9,0.474,0.755,2.9,0.5,0.5,0.2,0.6,1.0,4.7
Popeye Jones,638,0.039,10.6,13.8,-1.7,-3.0,PF,0.1,0.401,0.745,4.9,0.7,0.4,0.2,0.5,2.1,3.6
Adam Keefe,836,0.019,17.6,11.5,-0.7,-4.3,PF,0.0,0.404,0.619,3.1,0.5,0.4,0.3,0.6,1.5,2.5
Shawn Kemp,1083,0.027,17.4,24.5,0.1,-4.8,PF,0.2,0.408,0.771,3.8,1.0,0.7,0.3,1.5,2.7,6.5
Steve Kerr,650,0.484,11.3,13.5,0.5,0.0,PG,1.4,0.415,0.933,0.6,1.0,0.3,0.0,0.4,0.5,3.3
Jason Kidd*,3065,0.211,18.3,22.7,1.7,4.2,PG,3.0,0.442,0.814,6.4,9.8,2.2,0.3,3.7,2.2,16.9
Gerard King,706,0.0,19.4,15.3,-0.6,-3.3,SF,0.0,0.511,0.8,2.9,0.7,0.3,0.2,1.0,2.1,4.8
Brevin Knight,1457,0.027,18.5,15.1,1.6,-1.4,PG,0.2,0.382,0.818,3.2,5.9,1.9,0.1,1.7,2.9,6.3
Toni Kukoč*,1597,0.27,14.5,21.5,0.2,3.2,SF,2.4,0.482,0.631,4.0,3.1,0.7,0.2,1.7,1.5,11.1
Christian Laettner,1663,0.024,17.6,21.1,0.7,0.6,C,0.2,0.507,0.833,4.7,1.6,0.9,0.6,1.8,3.1,9.3
Raef LaFrentz,2457,0.171,9.5,18.6,0.7,0.8,C,1.8,0.499,0.698,7.8,1.4,0.5,2.6,1.2,3.7,12.9
Trajan Langdon,1116,0.396,13.1,16.1,-0.1,-1.0,SG,1.9,0.444,0.895,1.4,1.2,0.6,0.1,0.8,1.8,6.0
Voshon Lenard,2331,0.452,9.9,19.7,-1.1,-0.8,SG,4.8,0.407,0.797,2.9,2.4,0.8,0.2,1.3,2.1,12.2
Quincy Lewis,402,0.203,11.4,17.1,-0.2,-4.5,SF,0.7,0.418,0.714,1.3,0.5,0.3,0.3,0.5,2.2,3.5
Rashard Lewis,2720,0.321,11.6,18.4,-0.4,2.1,PF,3.7,0.503,0.826,6.9,1.6,1.2,0.6,1.7,2.4,14.8
Grant Long,1507,0.047,13.8,13.6,1.2,-1.1,PF,0.2,0.447,0.713,4.2,1.3,1.1,0.2,0.9,2.4,6.0
Luc Longley,301,0.0,26.4,13.6,0.6,-6.4,C,0.0,0.333,0.765,2.6,0.3,0.1,0.4,0.9,2.0,2.0
Felipe López,1565,0.109,13.2,18.0,0.2,-1.0,SG,0.7,0.451,0.699,3.3,1.5,0.9,0.4,1.2,2.2,7.9
Tyronn Lue,468,0.291,17.5,14.8,-0.4,-4.0,PG,0.9,0.47,0.792,0.8,1.2,0.5,0.0,0.7,1.4,3.4
George Lynch,2649,0.093,13.6,13.7,1.3,0.5,SF,0.7,0.463,0.719,7.2,1.7,1.2,0.4,1.3,2.7,8.4
Todd MacCulloch,597,0.0,11.2,18.3,-0.4,-0.1,C,0.0,0.589,0.636,2.7,0.2,0.1,0.3,0.4,1.5,4.1
Mark Madsen,641,0.009,17.3,10.9,-1.6,-4.5,PF,0.0,0.482,0.703,2.2,0.3,0.1,0.1,0.4,1.6,2.0
Corey Maggette,1359,0.115,14.7,24.5,-1.0,0.2,SF,0.8,0.483,0.774,4.2,1.2,0.5,0.1,1.5,2.0,10.0
Jamaal Magloire,1095,0.007,15.4,16.7,0.8,-2.2,C,0.0,0.454,0.655,4.0,0.4,0.2,1.1,0.8,1.9,4.6
Dan Majerle,1306,0.699,11.2,11.6,2.3,0.4,SG,3.4,0.385,0.818,3.1,1.7,1.0,0.3,0.7,1.8,5.0
Karl Malone*,2895,0.004,12.9,30.0,1.1,6.6,PF,0.1,0.499,0.793,8.3,4.5,1.1,0.8,3.0,2.7,23.2
Matt Maloney,1403,0.408,16.2,13.8,0.5,-0.9,PG,2.6,0.461,0.765,2.1,2.8,1.0,0.1,1.3,1.7,6.7
Danny Manning,1305,0.056,14.6,23.2,0.1,-1.1,PF,0.3,0.508,0.729,2.6,1.1,0.6,0.4,1.2,2.7,7.4
Stephon Marbury,2557,0.262,11.8,29.7,-1.6,4.3,PG,5.0,0.481,0.79,3.1,7.6,1.2,0.1,2.9,2.2,23.9
Shawn Marion,2857,0.071,9.1,22.1,1.8,4.1,SF,1.0,0.497,0.81,10.7,2.0,1.7,1.4,1.6,2.7,17.3
Donyell Marshall,2326,0.151,11.7,21.7,0.6,3.7,SF,1.6,0.535,0.751,7.0,1.6,1.0,1.0,1.6,2.4,13.6
Kenyon Martin,2272,0.014,13.8,19.9,0.4,-1.7,PF,0.2,0.45,0.63,7.4,1.9,1.1,1.7,2.0,4.1,12.0
Jamal Mashburn,2989,0.208,12.0,27.1,0.0,2.1,SF,3.8,0.428,0.766,7.6,5.4,1.1,0.2,2.8,2.4,20.1
Anthony Mason,3254,0.0,13.3,20.0,1.1,1.9,PF,0.0,0.482,0.781,9.6,3.1,1.0,0.3,2.2,2.9,16.1
Desmond Mason,1522,0.153,10.0,15.8,-1.0,-2.8,SF,0.9,0.46,0.736,3.2,0.8,0.5,0.3,0.7,1.9,5.9
Tony Massenburg,823,0.0,17.3,15.4,-1.3,-5.9,PF,0.0,0.462,0.7,4.0,0.2,0.2,0.5,0.9,2.3,4.5
Vernon Maxwell,660,0.498,12.9,18.7,0.1,-3.3,PG,2.6,0.348,0.656,1.5,1.1,0.5,0.1,0.8,1.5,4.7
Walter McCarty,478,0.444,12.6,15.0,-0.4,-3.2,PF,0.9,0.371,0.786,1.4,0.7,0.2,0.1,0.3,1.4,2.2
George McCloud,2007,0.357,13.7,18.9,-0.8,-1.0,SF,3.1,0.411,0.84,2.9,3.7,0.7,0.4,1.5,2.2,9.6
Jelani McCoy,1143,0.0,19.7,15.0,-0.4,-3.1,C,0.0,0.523,0.441,3.6,0.8,0.3,0.7,1.1,2.0,4.5
Antonio McDyess,2555,0.0,10.7,26.5,-0.8,1.7,PF,0.0,0.495,0.7,12.1,2.1,0.6,1.5,2.3,3.1,20.8
Tracy McGrady*,3087,0.096,9.1,31.2,0.5,7.0,SG,2.2,0.468,0.733,7.5,4.6,1.5,1.5,2.6,2.1,26.8
Jeff McInnis,2831,0.154,10.1,18.2,-0.9,-0.3,PG,1.8,0.482,0.807,2.7,5.5,0.9,0.1,1.4,2.5,12.9
Derrick McKey,987,0.147,24.1,9.2,2.5,-0.9,SF,0.3,0.483,0.778,2.7,1.1,0.7,0.2,0.7,2.1,2.2
Aaron McKie,2394,0.238,20.3,18.9,1.3,1.4,SG,2.2,0.524,0.768,4.1,5.0,1.4,0.1,2.7,2.3,11.6
Roshown McLeod,922,0.066,14.1,20.0,-0.8,-3.4,SF,0.6,0.461,0.882,3.4,1.7,0.7,0.2,1.7,2.6,9.6
Paul McPherson,595,0.056,16.3,21.0,-0.3,-1.9,PG,0.2,0.525,0.724,1.4,0.7,0.5,0.1,0.9,1.5,4.8
Ron Mercer,2535,0.041,9.6,24.8,-2.2,-1.9,SG,0.8,0.452,0.825,3.9,3.3,1.3,0.4,2.1,2.4,19.7
Chris Mihm,1166,0.003,15.2,20.4,-1.3,-4.2,C,0.0,0.444,0.794,4.7,0.3,0.3,0.9,1.4,2.6,7.6
Darius Miles,2133,0.03,16.7,19.1,0.8,-0.5,SF,0.2,0.519,0.521,5.9,1.2,0.6,1.5,1.8,2.4,9.4
Andre Miller,2848,0.064,18.1,23.2,-0.2,2.8,PG,0.8,0.465,0.833,4.4,8.0,1.5,0.3,3.2,2.8,15.8
Brad Miller,1434,0.013,13.1,18.1,-1.0,-1.2,C,0.1,0.438,0.743,7.4,1.9,0.6,0.7,1.3,3.1,8.9
Mike Miller,2390,0.431,9.7,18.5,-0.9,-0.2,SF,4.4,0.457,0.711,4.0,1.7,0.6,0.2,1.2,2.4,11.9
Reggie Miller*,3181,0.395,9.1,21.5,-0.6,2.3,SG,5.7,0.487,0.928,3.5,3.2,1.0,0.2,1.6,2.0,18.9
Chris Mills,493,0.131,8.8,19.4,-1.6,-4.4,SF,1.7,0.386,0.861,6.2,1.2,0.6,0.3,1.3,2.9,12.0
Sam Mitchell,983,0.149,10.3,16.1,-0.9,-4.6,SF,0.5,0.443,0.727,1.5,0.7,0.3,0.1,0.4,1.4,3.5
Cuttino Mobley,3002,0.208,10.4,24.3,-0.8,0.9,SG,3.2,0.454,0.831,5.0,2.5,1.1,0.3,2.1,2.1,19.5
Nazr Mohammed,912,0.003,13.1,24.0,-1.3,-1.5,C,0.0,0.478,0.706,5.3,0.3,0.5,0.6,1.1,1.9,7.6
Eric Montross,649,0.0,21.3,12.9,-0.1,-6.7,C,0.0,0.406,0.258,3.2,0.4,0.2,0.5,0.8,2.1,2.2
Mikki Moore,1154,0.004,18.5,15.0,0.8,-2.6,C,0.0,0.494,0.731,3.9,0.4,0.3,0.8,0.9,2.5,4.4
Hanno Möttölä,989,0.011,17.5,17.3,-1.5,-6.6,SF,0.0,0.449,0.811,2.4,0.3,0.2,0.1,0.9,2.2,4.4
Alonzo Mourning*,306,0.007,14.5,30.6,1.2,2.9,C,0.1,0.521,0.564,7.8,0.9,0.3,2.4,2.2,1.8,13.6
Chris Mullin*,374,0.491,13.8,15.5,-0.1,-2.0,SF,2.6,0.315,0.857,2.1,1.0,0.8,0.5,1.0,1.4,5.8
Lamond Murray,2225,0.178,12.2,23.5,-1.0,-1.1,SF,2.1,0.434,0.735,4.4,1.6,1.1,0.3,1.8,2.2,12.8
Tracy Murray,588,0.415,8.9,22.2,-2.2,-2.9,SF,2.0,0.4,0.786,1.6,0.5,0.2,0.1,0.5,1.0,5.0
Dikembe Mutombo*,2591,0.0,17.4,14.3,1.3,1.7,C,0.0,0.484,0.725,13.5,1.0,0.4,2.7,1.9,2.7,10.0
Lee Nailon,469,0.007,14.8,17.9,-0.1,-2.6,SF,0.0,0.489,0.744,2.2,0.6,0.2,0.1,0.6,1.4,3.9
Eduardo Nájera,431,0.027,11.9,15.0,-0.2,-0.1,PF,0.1,0.528,0.424,2.4,0.7,0.3,0.2,0.4,1.2,3.3
Steve Nash*,2387,0.277,18.5,21.1,-1.1,2.8,PG,3.1,0.518,0.895,3.2,7.3,1.0,0.1,2.9,2.3,15.6
Tyrone Nesby,1556,0.34,10.1,18.5,-1.1,-3.6,SF,2.9,0.4,0.802,2.8,1.2,0.8,0.3,1.0,2.5,8.3
Rasho Nesterović,1233,0.003,13.7,14.8,0.0,-3.5,C,0.0,0.462,0.523,3.9,0.6,0.3,0.9,0.8,2.6,4.5
Johnny Newman,2049,0.253,11.4,20.6,-1.1,-2.1,SG,2.1,0.447,0.855,2.1,1.4,0.8,0.1,1.3,2.8,10.9
Moochie Norris,1654,0.215,17.7,16.8,0.1,1.0,PG,1.1,0.491,0.778,2.4,3.5,0.8,0.0,1.3,1.0,6.6
Dirk Nowitzki,3125,0.313,9.5,23.8,0.5,5.4,PF,4.8,0.513,0.838,9.2,2.1,1.0,1.2,1.9,3.0,21.8
Jermaine O'Neal,2641,0.006,13.4,21.2,1.0,0.3,C,0.1,0.468,0.601,9.8,1.2,0.6,2.8,2.0,3.5,12.9
Shaquille O'Neal*,2924,0.001,10.5,31.6,0.7,7.7,C,0.0,0.573,0.513,12.7,3.7,0.6,2.8,2.9,3.5,28.7
Charles Oakley,2767,0.062,14.0,16.0,0.8,-1.4,PF,0.6,0.399,0.836,9.5,3.4,1.0,0.6,1.8,3.3,9.6
Lamar Odom,2836,0.242,17.8,24.1,1.1,4.0,PF,3.3,0.506,0.679,7.8,5.2,1.0,1.6,3.5,3.1,17.2
Hakeem Olajuwon*,1545,0.002,11.0,21.9,1.5,2.8,C,0.0,0.499,0.621,7.4,1.2,1.2,1.5,1.4,2.4,11.9
Kevin Ollie,925,0.016,17.5,13.7,0.6,-2.2,PG,0.0,0.397,0.708,1.4,2.1,0.4,0.0,0.7,1.2,3.1
Michael Olowokandi,2127,0.0,17.9,20.5,-0.8,-5.5,C,0.0,0.435,0.545,6.4,0.6,0.4,1.3,2.1,3.0,8.5
Greg Ostertag,1491,0.007,15.3,12.7,1.0,-0.8,C,0.0,0.495,0.556,5.1,0.3,0.3,1.8,0.8,2.7,4.5
Bo Outlaw,2534,0.005,23.2,10.6,2.6,3.1,PF,0.0,0.615,0.573,7.7,2.8,1.3,1.7,1.8,3.0,7.3
Doug Overton,475,0.259,17.5,16.9,-2.3,-5.6,PG,1.7,0.398,0.625,1.9,3.4,0.4,0.0,1.5,1.8,6.0
Billy Owens,793,0.087,13.6,15.7,0.7,-1.9,PF,0.4,0.405,0.475,4.6,1.2,0.7,0.3,0.9,2.1,4.4
Robert Pack,1260,0.073,21.7,22.0,-0.8,-1.6,PG,0.4,0.428,0.766,1.9,4.0,0.9,0.0,1.8,1.5,6.5
Milt Palacio,1141,0.135,20.6,15.4,-0.5,-2.4,PG,0.6,0.494,0.848,1.8,2.6,0.8,0.0,1.4,1.4,5.9
Cherokee Parks,1054,0.022,12.3,14.6,0.3,-1.4,C,0.1,0.5,0.705,3.5,0.7,0.4,0.6,0.6,1.9,4.6
Ruben Patterson,2059,0.048,14.6,23.3,-0.1,1.9,SF,0.5,0.516,0.681,5.0,2.1,1.4,0.6,2.0,2.3,13.0
Gary Payton*,3244,0.171,10.7,27.2,-0.7,4.0,PG,3.4,0.472,0.766,4.6,8.1,1.6,0.3,2.6,2.3,23.1
Anthony Peeler,2126,0.35,12.0,18.6,-0.3,-0.6,SG,3.4,0.437,0.862,2.6,2.6,1.2,0.2,1.4,2.2,10.5
Mike Penberthy,851,0.626,12.6,14.2,-1.2,-1.6,PG,2.6,0.446,0.903,1.2,1.3,0.4,0.0,0.6,1.1,5.0
Sam Perkins,999,0.487,7.3,12.2,1.0,1.0,PF,1.7,0.414,0.842,2.6,0.6,0.5,0.3,0.3,1.0,3.8
Elliot Perry,499,0.036,20.2,16.8,0.8,-1.4,PG,0.1,0.474,0.727,0.9,1.6,0.4,0.0,0.8,0.6,3.0
Wesley Person,958,0.288,11.6,16.3,-0.3,-1.1,SG,1.9,0.452,0.8,3.0,1.5,0.6,0.3,0.9,1.4,7.1
Morris Peterson,1809,0.245,9.6,20.1,-0.8,-0.7,SG,2.1,0.447,0.717,3.2,1.3,0.8,0.3,1.0,2.1,9.3
Eric Piatkowski,2144,0.442,9.2,17.8,-0.8,0.7,SG,3.7,0.456,0.873,3.0,1.2,0.6,0.2,0.9,1.5,10.6
Paul Pierce*,3120,0.254,12.5,30.6,-0.1,4.4,SF,4.7,0.478,0.745,6.4,3.1,1.7,0.8,3.2,3.1,25.3
Scottie Pippen*,2133,0.312,18.8,17.9,1.2,2.2,SF,2.9,0.5,0.739,5.2,4.6,1.5,0.5,2.4,2.5,11.3
Scot Pollard,1658,0.005,12.3,14.3,0.9,-0.3,C,0.0,0.471,0.749,6.0,0.6,0.6,1.3,0.9,2.7,6.5
Olden Polynice,1619,0.002,15.0,14.8,-0.7,-3.9,C,0.0,0.498,0.262,4.7,0.4,0.3,1.0,1.0,3.0,5.3
Mark Pope,942,0.169,9.7,8.4,0.1,-2.9,PF,0.4,0.483,0.629,2.3,0.6,0.3,0.4,0.3,2.2,2.4
Chris Porter,1147,0.011,10.4,20.8,-1.8,-4.5,SF,0.1,0.393,0.667,3.7,1.2,0.9,0.1,1.2,2.2,8.6
Terry Porter,1678,0.466,17.5,16.7,1.0,2.6,PG,2.6,0.468,0.793,2.5,3.1,0.7,0.1,1.3,1.1,7.2
James Posey,2255,0.368,13.5,14.9,0.6,-0.4,SF,2.6,0.477,0.816,5.3,2.0,1.1,0.5,1.2,2.8,8.1
Vitaly Potapenko,1901,0.0,15.1,16.6,-1.6,-3.6,C,0.0,0.476,0.728,6.0,0.8,0.6,0.3,1.3,2.8,7.5
Laron Profit,605,0.183,22.1,15.3,0.4,-1.0,PG,0.7,0.422,0.733,1.8,2.5,1.0,0.3,1.3,1.2,4.3
Theo Ratliff,1800,0.0,18.6,17.0,2.7,1.6,C,0.0,0.499,0.76,8.3,1.2,0.6,3.7,2.5,3.3,12.4
Eldridge Recasner,403,0.342,18.1,17.0,-1.1,-4.9,PG,0.9,0.333,0.778,1.2,0.9,0.1,0.0,0.6,0.7,2.4
Bryant Reeves,1832,0.007,12.8,17.6,-0.2,-2.8,C,0.1,0.462,0.796,6.0,1.1,0.6,0.7,1.2,3.2,8.3
Don Reid,764,0.0,21.2,13.1,1.6,-2.8,PF,0.0,0.566,0.613,3.7,0.3,0.4,0.8,0.7,2.9,3.2
Glen Rice,2212,0.281,10.3,20.5,0.1,0.5,SF,2.8,0.46,0.852,4.1,1.2,0.5,0.2,1.3,2.4,12.0
Quentin Richardson,1358,0.288,9.7,22.4,-1.1,0.8,SG,2.0,0.487,0.627,3.4,0.8,0.6,0.1,0.8,1.3,8.1
Mitch Richmond*,1216,0.264,12.8,24.1,-1.2,-0.3,SG,3.6,0.431,0.894,2.9,3.0,1.2,0.2,2.3,2.3,16.2
Isaiah Rider,1206,0.195,16.2,22.5,-2.0,-3.4,SG,1.4,0.439,0.855,2.3,1.7,0.4,0.1,1.5,1.6,7.6
Clifford Robinson,2751,0.21,12.2,24.8,0.4,0.9,PF,3.0,0.439,0.709,4.1,2.9,1.1,1.0,2.3,3.1,16.4
David Robinson*,2371,0.001,10.6,22.8,2.7,5.2,C,0.0,0.487,0.747,8.6,1.5,1.0,2.5,1.5,2.7,14.4
Eddie Robinson,1201,0.01,8.8,18.8,1.2,2.6,SF,0.1,0.531,0.727,3.0,0.9,0.7,0.5,0.6,1.0,7.4
Glenn Robinson,2813,0.126,12.1,29.2,-1.0,1.3,SF,2.4,0.493,0.82,6.9,3.3,1.1,0.8,2.9,2.5,22.0
Larry Robinson,632,0.63,11.4,15.5,0.5,0.9,PG,3.4,0.338,0.875,2.6,1.1,0.8,0.1,0.7,1.4,5.9
Carlos Rogers,544,0.009,11.3,12.7,-0.4,2.0,C,0.0,0.688,0.558,3.6,0.2,0.3,0.5,0.4,0.8,4.6
Rodney Rogers,2183,0.216,13.8,23.3,1.3,0.6,SF,2.3,0.467,0.761,4.4,2.2,1.2,0.6,1.9,3.3,12.2
Sean Rooks,1553,0.005,13.7,15.8,0.7,-1.7,C,0.0,0.427,0.748,3.7,0.9,0.4,0.8,0.9,2.4,5.4
Jalen Rose,2943,0.14,13.2,25.5,-0.4,1.8,SF,2.4,0.476,0.828,5.0,6.0,0.9,0.6,2.9,3.2,20.5
Malik Rose,1219,0.046,14.4,19.8,2.2,0.4,PF,0.3,0.447,0.713,5.4,0.8,1.0,0.7,1.3,2.6,7.7
Michael Ruffin,879,0.0,27.1,9.0,0.1,-3.4,PF,0.0,0.444,0.506,5.8,0.9,0.7,0.8,1.0,2.9,2.6
Bryon Russell,2473,0.329,12.0,17.5,0.2,1.3,SF,2.9,0.453,0.779,4.2,2.1,1.2,0.3,1.4,2.9,12.0
Arvydas Sabonis*,1299,0.029,12.7,24.0,1.4,1.2,C,0.2,0.491,0.776,5.4,1.5,0.7,1.0,1.4,2.2,10.1
Daniel Santiago,581,0.0,22.6,16.0,1.1,-4.8,C,0.0,0.478,0.689,1.9,0.2,0.3,0.4,0.9,1.9,3.1
Detlef Schrempf,397,0.084,20.8,15.8,-0.3,-3.1,SF,0.3,0.414,0.852,3.0,1.7,0.3,0.1,1.1,1.7,4.0
Brian Shaw,1833,0.328,18.1,13.1,0.2,-0.9,SG,1.7,0.442,0.797,3.8,3.2,0.6,0.3,1.2,2.0,5.3
Brian Skinner,584,0.0,14.6,17.3,-1.0,-4.2,PF,0.0,0.398,0.542,4.3,0.5,0.4,0.3,0.8,1.6,4.1
Reggie Slater,686,0.0,16.1,17.6,-1.4,-3.7,PF,0.0,0.514,0.673,3.4,0.5,0.3,0.2,0.8,2.3,4.6
Joe Smith,1941,0.007,9.0,21.9,-0.2,-1.9,PF,0.1,0.405,0.805,7.1,1.1,0.7,0.7,1.3,3.7,12.3
Michael Smith,1610,0.005,17.8,9.6,0.2,0.2,PF,0.0,0.488,0.578,7.1,1.3,0.7,0.5,0.8,2.0,3.8
Steve Smith,2542,0.292,12.7,19.7,-0.9,0.6,SG,2.8,0.504,0.89,3.4,2.6,0.6,0.3,1.7,2.5,13.6
Eric Snow,1740,0.044,19.8,16.3,0.9,0.3,PG,0.4,0.425,0.792,3.3,7.4,1.5,0.1,2.5,2.5,9.8
Latrell Sprewell,3017,0.111,13.7,25.8,0.8,0.7,SF,1.8,0.446,0.783,4.5,3.5,1.4,0.4,2.8,2.1,17.7
Jerry Stackhouse,3215,0.245,12.5,35.2,-0.7,5.1,SG,5.9,0.418,0.822,3.9,5.1,1.2,0.7,4.1,2.0,29.8
John Starks,2122,0.265,11.3,18.0,-0.4,-2.5,SG,2.4,0.415,0.802,2.1,2.4,1.0,0.1,1.3,2.9,9.3
Bryant Stith,2504,0.396,11.4,14.4,-0.2,-1.1,SG,3.1,0.417,0.845,3.6,2.2,1.2,0.2,1.2,2.3,9.7
John Stockton*,2397,0.203,20.8,18.8,1.2,6.7,PG,1.6,0.514,0.817,2.8,8.7,1.6,0.3,2.5,2.4,11.5
Peja Stojaković,2905,0.303,9.9,22.4,-0.3,2.5,SF,4.8,0.501,0.856,5.8,2.2,1.2,0.2,1.9,1.9,20.4
Damon Stoudamire,2655,0.234,15.7,21.3,-0.1,1.0,PG,2.7,0.453,0.831,3.7,5.7,1.3,0.1,2.3,2.5,13.0
Erick Strickland,830,0.356,13.7,19.9,1.7,-1.3,PG,1.9,0.297,0.861,2.6,1.9,0.9,0.0,1.0,1.8,5.2
Mark Strickland,719,0.008,11.2,18.9,-1.2,-3.3,SF,0.0,0.43,0.643,2.9,0.4,0.3,0.4,0.6,1.3,4.6
Rod Strickland,1371,0.04,17.5,20.1,-0.9,0.6,PG,0.3,0.432,0.751,2.6,5.6,1.0,0.1,2.0,1.4,9.2
Derek Strong,491,0.009,14.2,14.6,-0.1,-2.6,PF,0.0,0.388,0.757,3.9,0.3,0.5,0.0,0.8,1.1,4.2
Bob Sura,1684,0.332,21.0,19.1,-1.3,-3.3,SG,3.2,0.448,0.714,4.3,4.6,1.0,0.2,3.0,2.4,11.1
Stromile Swift,1312,0.012,13.8,16.2,0.9,-2.0,PF,0.1,0.457,0.603,3.6,0.4,0.8,1.0,0.8,2.0,4.9
Wally Szczerbiak,2856,0.084,12.0,18.2,-0.8,0.4,SF,0.9,0.526,0.87,5.5,3.2,0.7,0.4,1.7,2.8,14.0
Žan Tabak,777,0.0,21.6,15.8,0.0,-4.2,C,0.0,0.527,0.426,3.9,0.6,0.2,0.5,1.0,2.3,3.9
Dragan Tarlać,598,0.0,25.1,11.8,-1.1,-7.3,C,0.0,0.394,0.758,2.8,0.7,0.2,0.4,0.9,2.2,2.4
Maurice Taylor,1972,0.005,12.6,23.2,-1.0,-1.9,SF,0.1,0.492,0.735,5.5,1.5,0.4,0.6,1.8,3.0,13.0
Jason Terry,3089,0.23,13.6,25.5,-1.0,1.3,SG,3.8,0.448,0.846,3.3,4.9,1.3,0.1,2.9,2.5,19.7
Kenny Thomas,1820,0.198,18.2,16.1,-0.3,-2.3,PF,1.2,0.485,0.722,5.6,1.0,0.5,0.6,1.6,2.4,7.1
Kurt Thomas,2125,0.005,12.3,18.5,1.4,1.2,PF,0.0,0.512,0.814,6.7,0.8,0.8,0.9,1.3,3.7,10.4
Tim Thomas,2086,0.343,11.6,21.3,-0.3,1.5,PF,3.4,0.44,0.771,4.1,1.8,1.0,0.6,1.5,2.6,12.6
Otis Thorpe,647,0.0,18.4,12.4,0.1,-4.9,PF,0.0,0.45,0.833,3.0,0.6,0.2,0.1,0.7,2.2,2.8
Robert Traylor,1212,0.006,20.2,18.0,1.1,-1.6,C,0.0,0.5,0.567,4.3,0.9,0.7,1.1,1.4,2.9,5.7
Gary Trent,319,0.008,13.1,23.9,-1.2,-4.3,PF,0.0,0.442,0.528,2.8,0.3,0.4,0.2,0.7,1.6,4.0
Jake Tsakalidis,947,0.0,20.6,15.1,0.8,-4.0,C,0.0,0.47,0.593,4.2,0.3,0.2,1.0,1.2,2.4,4.5
Hedo Türkoğlu,1245,0.257,12.5,15.6,1.1,-0.9,SF,1.2,0.442,0.777,2.8,0.9,0.7,0.3,0.7,1.9,5.3
Nick Van Exel,2688,0.322,11.9,23.0,-2.0,1.9,PG,5.0,0.431,0.819,3.4,8.5,0.9,0.3,2.3,1.5,17.7
Keith Van Horn,1733,0.24,11.5,23.4,-1.9,-1.1,SF,3.5,0.452,0.806,7.1,1.7,0.8,0.4,2.1,3.1,17.0
David Vanterpool,411,0.055,21.9,18.3,-0.9,-3.7,PG,0.3,0.442,0.6,1.7,3.0,1.0,0.1,1.7,2.0,5.5
Jacque Vaughn,1620,0.198,21.7,16.9,-0.7,-1.0,PG,1.0,0.444,0.78,1.8,3.9,0.6,0.0,1.6,1.8,6.1
Loy Vaught,549,0.0,13.0,16.4,-0.4,-1.9,PF,0.0,0.473,0.8,3.4,0.5,0.4,0.1,0.5,1.5,3.3
Antoine Walker,3396,0.351,13.8,29.1,-0.5,3.0,PF,7.4,0.439,0.716,8.9,5.5,1.7,0.6,3.7,3.1,23.4
Samaki Walker,963,0.012,18.2,18.3,0.3,-2.6,PF,0.0,0.482,0.629,4.0,0.5,0.2,0.7,1.1,1.7,5.3
Ben Wallace*,2760,0.009,17.7,10.4,2.5,1.9,C,0.1,0.492,0.336,13.2,1.5,1.3,2.3,1.5,2.4,6.4
John Wallace,527,0.064,12.3,24.0,-0.4,-3.6,SF,0.4,0.443,0.778,2.1,0.6,0.3,0.4,0.9,1.8,5.9
Rasheed Wallace,2940,0.138,10.7,23.4,1.1,4.4,PF,2.1,0.53,0.766,7.8,2.8,1.2,1.8,2.1,2.7,19.2
Charlie Ward,1492,0.469,21.7,16.9,1.5,2.1,PG,2.9,0.444,0.8,2.6,4.5,1.1,0.2,1.8,2.2,7.1
Clarence Weatherspoon,2774,0.0,12.0,15.2,0.2,1.4,PF,0.0,0.501,0.79,9.7,1.3,1.0,1.3,1.4,2.1,11.3
Chris Webber*,2836,0.017,9.6,31.6,1.4,5.5,PF,0.4,0.488,0.703,11.1,4.2,1.3,1.7,2.8,3.2,27.1
Bonzi Wells,1995,0.069,16.9,23.3,0.7,2.3,SF,0.7,0.547,0.663,4.9,2.8,1.3,0.3,2.3,2.7,12.7
David Wesley,3106,0.208,11.0,23.1,0.0,0.4,SG,3.1,0.434,0.799,2.7,4.4,1.6,0.2,2.1,2.7,17.2
Jahidi White,1609,0.002,20.0,18.9,-0.9,-3.3,C,0.0,0.499,0.567,7.7,0.3,0.5,1.6,2.0,3.1,8.6
Chris Whitney,1532,0.528,16.5,18.1,-1.5,-1.1,PG,4.2,0.401,0.894,1.8,4.2,0.9,0.1,1.7,2.5,9.5
Aaron Williams,2336,0.003,14.4,17.8,-0.3,-1.6,PF,0.0,0.458,0.787,7.2,1.1,0.7,1.4,1.6,3.9,10.2
Alvin Williams,2394,0.141,11.0,17.4,0.9,0.8,SG,1.3,0.451,0.752,2.6,5.0,1.5,0.3,1.3,2.1,9.8
Eric Williams,1745,0.31,12.1,16.3,-0.6,-2.9,SF,1.7,0.375,0.714,2.6,1.4,0.8,0.2,0.9,2.2,6.6
Jason Williams,2290,0.451,18.1,17.0,-0.2,-0.6,PG,4.0,0.483,0.789,2.4,5.4,1.2,0.1,2.1,1.5,9.4
Jerome Williams,1182,0.01,15.1,15.4,0.5,-0.2,PF,0.1,0.467,0.741,6.5,0.8,1.0,0.3,1.1,2.1,6.3
Monty Williams,1211,0.036,16.7,18.5,-0.9,-3.6,SF,0.2,0.459,0.639,3.0,1.0,0.4,0.2,1.0,1.7,5.0
Scott Williams,1272,0.011,9.5,15.4,-0.2,-1.9,C,0.1,0.476,0.857,5.5,0.5,0.7,0.5,0.6,2.7,6.1
Shammond Williams,1238,0.361,16.7,17.9,-1.2,0.8,PG,1.9,0.426,0.875,1.9,2.8,0.4,0.1,1.2,1.2,6.8
Walt Williams,1583,0.483,11.4,18.7,-0.4,-0.1,SF,3.4,0.392,0.77,3.4,1.3,0.4,0.4,1.0,2.1,8.3
Corliss Williamson,1686,0.003,12.8,22.5,-0.3,-1.1,SF,0.0,0.504,0.637,4.7,0.9,0.7,0.3,1.6,2.7,11.6
Kevin Willis,1830,0.009,10.3,20.5,-1.0,-2.8,C,0.1,0.443,0.769,6.8,0.6,0.7,0.7,1.1,2.8,9.3
Rubén Wolkowyski,305,0.025,11.3,15.7,-0.6,-5.9,PF,0.1,0.325,0.735,1.4,0.1,0.2,0.5,0.4,1.1,2.2
Metta World Peace,2363,0.182,14.5,21.6,0.5,-1.3,SF,1.9,0.426,0.75,3.9,3.0,2.0,0.6,2.1,3.3,11.9
Lorenzen Wright,1988,0.002,12.1,23.2,-0.8,-1.8,C,0.0,0.449,0.718,7.5,1.2,0.6,0.9,1.8,3.3,12.4
Tariq Abdul-Wahad,441,0.014,14.3,19.1,-0.3,-3.7,SG,0.1,0.372,0.727,3.5,1.0,0.8,0.4,1.1,2.3,5.6
Shareef Abdur-Rahim,2980,0.054,14.1,27.0,-0.2,1.7,PF,0.9,0.47,0.801,9.0,3.1,1.3,1.1,3.2,2.8,21.2
Courtney Alexander,1325,0.038,10.2,20.4,-1.3,-2.2,SG,0.3,0.478,0.81,2.6,1.5,0.6,0.1,1.1,2.0,9.8
Ray Allen*,2525,0.46,11.2,26.2,-1.1,4.9,SG,7.7,0.485,0.873,4.5,3.9,1.3,0.3,2.3,2.3,21.8
Rafer Alston,600,0.372,16.4,19.0,-0.3,-0.7,PG,1.4,0.325,0.621,1.4,2.9,0.6,0.0,0.8,0.8,3.5
John Amaechi,586,0.0,20.6,20.6,-2.8,-8.2,PF,0.0,0.325,0.638,2.0,0.5,0.1,0.2,1.0,1.2,3.2
Derek Anderson,1860,0.373,11.0,19.4,0.2,1.6,SG,3.3,0.422,0.856,2.7,3.1,1.0,0.1,1.2,1.6,10.8
Kenny Anderson,2430,0.046,13.3,16.7,1.9,-0.4,PG,0.4,0.444,0.742,3.6,5.3,1.9,0.1,1.6,2.8,9.6
Shandon Anderson,1596,0.378,18.8,15.1,0.3,-2.8,SG,1.7,0.474,0.692,3.0,0.9,0.6,0.2,1.2,1.6,5.0
Greg Anthony,1514,0.343,15.4,18.6,-0.4,-1.9,PG,2.7,0.433,0.659,2.2,4.7,1.3,0.1,1.6,1.9,7.9
Gilbert Arenas,1155,0.294,17.6,20.1,0.0,1.0,PG,2.4,0.498,0.775,2.8,3.7,1.5,0.2,2.1,2.4,10.9
Darrell Armstrong,2730,0.481,16.0,17.9,0.8,2.4,PG,4.9,0.484,0.888,3.9,5.5,1.9,0.1,2.1,2.0,12.4
Carlos Arroyo,371,0.018,16.2,17.2,-1.1,-2.9,PG,0.1,0.45,0.722,1.1,1.9,0.3,0.0,0.6,0.8,3.0
Chucky Atkins,2285,0.425,13.2,20.0,-0.6,0.2,PG,4.3,0.507,0.692,2.0,3.3,0.9,0.1,1.6,2.2,12.1
Stacey Augmon,1319,0.009,12.7,14.8,1.2,-1.0,SG,0.0,0.431,0.762,2.9,1.3,0.7,0.2,0.7,1.5,4.6
Isaac Austin,307,0.033,10.5,15.5,0.3,-5.4,C,0.1,0.404,1.0,3.4,0.6,0.4,0.2,0.5,1.7,3.6
Dalibor Bagarić,638,0.006,18.1,18.4,-1.5,-7.2,C,0.0,0.407,0.586,3.2,0.5,0.3,0.5,0.9,2.2,3.7
Vin Baker,1710,0.012,14.5,23.8,-2.3,-3.7,C,0.1,0.49,0.633,6.4,1.3,0.4,0.7,2.3,3.6,14.1
Dana Barros,582,0.37,13.9,19.2,-0.6,-2.6,PG,2.4,0.413,0.778,2.0,2.7,0.5,0.1,1.1,1.3,6.7
Brent Barry,3040,0.49,15.6,16.2,1.6,5.5,SG,4.8,0.588,0.846,5.4,5.3,1.8,0.5,2.0,2.2,14.4
Jon Barry,1985,0.494,16.2,16.2,1.3,3.9,SG,3.1,0.508,0.931,2.9,3.3,1.1,0.2,1.4,1.6,9.0
Mengke Bateer,408,0.091,17.8,19.8,-1.1,-7.4,C,0.4,0.408,0.784,3.6,0.8,0.4,0.2,1.2,3.5,5.1
Tony Battie,1819,0.005,10.2,12.5,0.8,-0.7,C,0.0,0.544,0.677,6.5,0.5,0.8,0.9,0.7,3.0,6.9
Shane Battier,3097,0.287,12.5,18.2,0.3,0.5,SF,3.5,0.451,0.7,5.4,2.8,1.6,1.0,2.0,2.8,14.4
Raja Bell,890,0.183,15.5,15.9,0.3,-3.3,SG,0.6,0.464,0.75,1.5,1.0,0.3,0.1,0.6,1.5,3.4
Jonathan Bender,1647,0.272,15.1,17.5,-0.7,-2.2,SF,1.6,0.457,0.773,3.1,0.8,0.2,0.6,1.2,1.9,7.4
Travis Best,1747,0.114,14.8,17.5,0.3,-0.8,PG,0.8,0.451,0.897,2.0,4.4,1.2,0.1,1.3,2.3,7.9
Mike Bibby,2659,0.14,11.1,19.7,0.0,0.4,PG,1.7,0.466,0.803,2.8,5.0,1.1,0.2,1.7,1.7,13.7
Chauncey Billups,2355,0.383,13.0,20.4,-0.6,2.5,PG,3.8,0.441,0.885,2.8,5.5,0.8,0.2,1.7,2.1,12.5
Mookie Blaylock,599,0.288,19.8,13.1,-0.7,-2.8,PG,1.2,0.337,0.5,1.5,3.3,0.7,0.1,1.1,0.6,3.4
Corie Blount,1426,0.004,16.1,10.4,0.9,-1.9,PF,0.0,0.46,0.644,5.1,0.6,0.7,0.4,0.7,2.4,3.6
Mark Blount,415,0.0,20.0,12.7,1.3,-4.1,C,0.0,0.421,0.811,1.9,0.2,0.4,0.4,0.5,1.3,2.1
Cal Bowdler,585,0.029,5.3,15.9,-1.0,-4.3,PF,0.1,0.355,0.83,2.1,0.2,0.3,0.3,0.2,1.2,3.1
Bruce Bowen,1699,0.372,13.0,13.9,1.2,-1.3,SF,2.5,0.396,0.479,2.7,1.5,1.1,0.4,1.1,2.0,7.0
Ryan Bowen,1686,0.039,10.6,10.3,0.9,-1.1,SF,0.2,0.495,0.75,4.0,0.7,1.0,0.5,0.5,2.3,4.9
Earl Boykins,761,0.153,12.7,20.5,-2.0,-1.3,PG,0.6,0.416,0.77,0.8,2.1,0.3,0.0,0.6,0.6,4.1
Shawn Bradley,757,0.006,11.6,12.9,2.1,0.3,C,0.0,0.481,0.922,3.3,0.4,0.5,1.2,0.5,2.4,4.1
Elton Brand,3020,0.0,12.2,21.1,0.4,4.3,PF,0.0,0.527,0.742,11.6,2.4,1.0,2.0,2.2,3.2,18.2
Terrell Brandon,962,0.063,9.7,20.9,1.0,5.0,PG,0.7,0.442,0.988,2.9,8.3,1.6,0.2,1.3,1.5,12.4
Kwame Brown,817,0.004,13.0,18.6,-0.9,-4.0,PF,0.0,0.388,0.707,3.5,0.8,0.3,0.5,0.8,1.8,4.5
P.J. Brown,2563,0.0,12.2,12.4,0.2,0.3,C,0.0,0.474,0.858,9.8,1.3,0.7,1.0,1.1,2.8,8.4
Tierre Brown,403,0.104,23.9,19.3,-1.0,-3.3,SG,0.3,0.437,0.75,1.1,1.8,0.5,0.1,1.0,0.7,3.1
Rick Brunson,520,0.097,26.4,15.6,0.5,-1.1,PG,0.2,0.382,0.707,1.2,1.9,0.4,0.0,0.8,0.9,2.1
Kobe Bryant*,3063,0.083,10.7,30.4,0.3,4.6,SG,1.7,0.489,0.829,5.5,5.5,1.5,0.4,2.8,2.9,25.2
Greg Buckner,885,0.081,10.8,12.8,0.6,0.2,SG,0.4,0.544,0.69,3.9,1.1,0.7,0.4,0.6,2.8,5.8
Jud Buechler,684,0.508,11.1,8.8,0.2,-2.2,SF,0.9,0.397,0.5,1.8,0.5,0.3,0.1,0.2,0.8,1.7
Rodney Buford,1769,0.118,9.1,17.8,-1.1,-4.2,SG,1.1,0.461,0.725,4.3,1.1,0.7,0.2,1.0,1.7,9.4
Matt Bullard,350,0.496,9.1,17.3,-1.9,-4.7,PF,1.8,0.397,0.917,1.5,0.5,0.1,0.1,0.4,0.9,3.4
Marcus Camby,1007,0.003,11.2,17.4,1.3,0.4,C,0.0,0.45,0.626,11.1,1.1,1.2,1.7,1.4,3.7,11.1
Elden Campbell,2156,0.003,12.5,23.3,1.5,1.9,PF,0.0,0.485,0.797,6.9,1.3,0.8,1.8,1.8,3.4,13.9
Anthony Carter,1050,0.073,20.7,15.8,1.2,-3.1,PG,0.4,0.365,0.528,2.5,4.7,1.1,0.1,1.6,1.8,4.3
Vince Carter,2385,0.239,9.6,30.5,-0.3,4.4,SG,5.2,0.441,0.798,5.2,4.0,1.6,0.7,2.6,3.2,24.7
Sam Cassell,2605,0.17,11.7,27.3,-1.1,2.4,PG,2.8,0.486,0.86,4.2,6.7,1.2,0.2,2.4,2.8,19.7
Kelvin Cato,1917,0.003,11.4,11.2,0.2,-0.7,C,0.0,0.585,0.582,7.0,0.4,0.5,1.3,0.7,2.8,6.6
Tyson Chandler,1389,0.0,19.8,16.6,-0.2,-3.5,C,0.0,0.497,0.604,4.8,0.8,0.4,1.3,1.4,2.5,6.1
Calbert Cheaney,1631,0.009,12.4,15.5,-0.8,-3.5,SG,0.1,0.485,0.687,3.5,1.6,0.5,0.3,1.0,2.3,7.3
Chris Childs,1576,0.405,27.3,13.0,-0.3,-4.2,PG,1.7,0.364,0.817,2.2,5.1,0.8,0.1,1.8,2.6,4.1
Doug Christie,2798,0.348,16.3,15.6,2.2,2.4,SG,3.2,0.518,0.851,4.6,4.2,2.0,0.3,2.0,2.6,12.0
Keon Clark,2185,0.006,13.8,21.2,0.6,-0.7,C,0.1,0.494,0.674,7.4,1.1,0.7,1.5,1.7,3.2,11.3
Speedy Claxton,1528,0.073,15.7,18.2,2.1,-0.4,PG,0.5,0.422,0.838,2.4,3.0,1.4,0.1,1.4,2.2,7.2
Derrick Coleman,2080,0.113,12.5,21.0,0.1,0.9,PF,1.4,0.465,0.815,8.8,1.7,0.7,0.9,2.1,2.7,15.1
Bimbo Coles,693,0.137,16.0,12.8,-1.6,-4.5,PG,0.4,0.413,0.892,1.2,2.3,0.3,0.1,0.7,1.3,3.2
Jason Collier,365,0.011,10.6,15.5,-2.1,-5.2,C,0.0,0.436,0.75,3.3,0.4,0.2,0.2,0.5,1.6,4.2
Jarron Collins,1440,0.003,11.7,15.0,-1.2,-3.3,C,0.0,0.462,0.74,4.2,0.8,0.4,0.3,0.8,3.3,6.4
Jason Collins,1407,0.007,17.1,13.5,0.6,-2.1,C,0.0,0.42,0.701,3.9,1.1,0.4,0.6,0.9,2.2,4.5
Jamal Crawford,481,0.31,14.2,21.5,-1.9,-0.2,PG,2.5,0.488,0.769,1.5,2.4,0.8,0.2,1.4,0.8,9.3
Austin Croshere,1286,0.324,11.9,19.9,-0.4,0.1,PF,1.9,0.449,0.851,3.9,1.0,0.3,0.4,0.9,1.4,6.8
John Crotty,802,0.332,17.7,16.2,-0.8,0.3,PG,1.7,0.482,0.864,1.8,3.4,0.5,0.0,1.2,1.9,6.9
Vonteego Cummings,501,0.246,15.2,21.7,0.3,-1.5,PG,0.8,0.468,0.75,0.9,1.0,0.3,0.1,0.6,0.9,3.3
Dell Curry,886,0.378,10.1,20.8,-1.0,-1.0,SG,2.3,0.444,0.892,1.4,1.1,0.4,0.1,0.7,0.9,6.4
Eddy Curry,1150,0.0,13.4,20.7,-1.9,-4.4,C,0.0,0.501,0.656,3.8,0.3,0.2,0.7,1.0,2.4,6.7
Michael Curry,1912,0.094,16.0,9.3,0.6,-4.0,SG,0.3,0.472,0.791,2.0,1.5,0.6,0.1,0.7,2.5,4.0
Erick Dampier,1740,0.0,21.4,17.6,0.4,-3.5,C,0.0,0.435,0.645,5.3,1.2,0.2,2.3,2.1,3.2,7.6
Antonio Daniels,2175,0.32,9.0,16.6,0.2,0.4,SG,2.4,0.51,0.752,2.1,2.8,0.6,0.1,0.9,1.3,9.2
Antonio Davis,2978,0.001,12.4,19.6,-0.4,-0.9,PF,0.0,0.426,0.818,9.6,2.0,0.7,1.1,2.1,2.9,14.5
Baron Davis,3318,0.356,14.2,23.9,0.4,3.8,PG,5.8,0.451,0.58,4.3,8.5,2.1,0.6,3.0,2.9,18.1
Dale Davis,2447,0.0,8.4,13.7,0.1,1.1,C,0.0,0.51,0.708,8.8,1.2,0.8,1.1,0.8,2.5,9.5
Emanual Davis,774,0.429,20.2,15.1,-0.8,-4.5,PG,3.0,0.363,0.889,2.6,2.4,1.0,0.2,1.9,2.4,6.6
Hubert Davis,1231,0.387,11.6,14.2,-0.5,-0.8,SG,2.5,0.445,0.762,1.5,2.1,0.5,0.1,0.9,1.1,7.2
Ricky Davis,1954,0.045,14.3,24.4,-1.1,-1.0,SF,0.4,0.489,0.79,3.0,2.2,0.8,0.3,1.8,1.8,11.7
Andrew DeClercq,633,0.0,16.6,14.5,0.0,-4.8,C,0.0,0.45,0.56,2.7,0.4,0.4,0.4,0.6,2.1,2.7
Tony Delk,1447,0.364,8.6,21.5,-0.2,0.0,SG,3.4,0.425,0.804,3.2,2.1,0.8,0.2,0.9,1.6,9.5
Vlade Divac*,2420,0.018,15.4,18.4,2.1,2.8,C,0.2,0.477,0.615,8.4,3.7,1.0,1.2,2.0,2.9,11.1
Michael Doleac,705,0.0,15.1,15.9,-1.3,-5.6,C,0.0,0.417,0.826,4.0,0.6,0.4,0.3,0.9,2.3,4.6
Bryce Drew,774,0.401,14.5,13.4,0.7,0.0,PG,1.2,0.431,0.793,1.2,1.7,0.5,0.0,0.5,0.8,3.4
Predrag Drobnjak,1174,0.005,10.3,19.7,-1.5,-3.4,C,0.0,0.464,0.753,3.4,0.8,0.3,0.5,0.8,1.7,6.8
Chris Dudley,327,0.04,19.8,9.9,-0.1,-5.0,C,0.0,0.417,0.533,1.9,0.3,0.1,0.3,0.3,1.0,1.1
Tim Duncan*,3329,0.007,12.7,29.0,2.2,7.6,PF,0.1,0.511,0.799,12.7,3.7,0.7,2.5,3.2,2.6,25.5
Howard Eisley,609,0.331,21.2,19.1,-0.6,-4.2,PG,1.5,0.385,0.796,1.3,2.6,0.6,0.1,1.4,1.4,4.4
LaPhonso Ellis,1684,0.274,13.0,15.9,0.4,-2.4,SF,1.9,0.46,0.631,4.3,0.8,0.5,0.6,1.1,3.0,7.1
Patrick Ewing*,901,0.003,14.2,22.7,0.0,-3.1,C,0.0,0.446,0.701,4.0,0.5,0.3,0.7,1.0,2.0,6.0
Danny Ferry,799,0.559,10.2,12.5,0.6,0.4,SF,2.0,0.423,0.944,1.8,1.0,0.3,0.2,0.4,1.4,4.6
Michael Finley,2754,0.182,8.0,23.9,-1.2,1.1,SF,3.2,0.491,0.837,5.2,3.3,0.9,0.4,1.7,2.1,20.6
Derek Fisher,1974,0.524,8.0,17.6,0.0,1.1,PG,5.0,0.41,0.847,2.1,2.6,0.9,0.1,0.9,1.7,11.2
Marcus Fizer,1963,0.048,11.9,25.9,-1.8,-3.0,PF,0.5,0.451,0.668,5.6,1.6,0.6,0.3,1.7,2.4,12.3
Alton Ford,452,0.0,18.3,17.3,-0.8,-6.4,PF,0.0,0.517,0.737,2.0,0.1,0.1,0.1,0.6,1.9,3.1
Danny Fortson,2216,0.006,15.7,19.3,-1.8,-2.0,PF,0.1,0.429,0.795,11.7,1.6,0.6,0.2,2.1,3.3,11.2
Jeff Foster,1786,0.038,14.3,14.0,0.3,-1.4,C,0.2,0.462,0.61,6.8,0.9,0.9,0.5,1.0,2.8,5.7
Antonis Fotsis,320,0.221,15.7,19.0,-1.4,-3.4,PF,0.8,0.432,0.85,2.2,0.4,0.3,0.4,0.8,0.8,3.9
Tremaine Fowlkes,343,0.0,14.3,11.9,0.0,-2.5,SF,0.0,0.391,0.774,2.9,0.8,0.5,0.0,0.6,1.8,3.4
Rick Fox,2289,0.344,17.0,15.2,0.6,-0.7,SF,2.5,0.479,0.824,4.7,3.5,0.8,0.3,1.6,3.0,7.9
Adonal Foyle,1485,0.0,15.1,14.2,1.0,-2.1,C,0.0,0.444,0.398,4.9,0.5,0.5,2.1,1.0,2.3,4.8
Steve Francis,2343,0.209,15.6,28.0,-0.8,1.7,PG,3.7,0.442,0.773,7.0,6.4,1.2,0.4,3.9,3.0,21.6
Lawrence Funderburke,722,0.012,10.9,18.2,-0.8,-2.1,PF,0.1,0.475,0.607,3.5,0.6,0.2,0.3,0.6,1.2,4.7
Kevin Garnett*,3175,0.083,12.5,26.0,1.8,6.8,PF,1.4,0.484,0.801,12.1,5.2,1.2,1.6,2.8,2.3,21.2
Pat Garrity,2406,0.516,7.8,16.1,-0.8,-0.6,PF,5.0,0.426,0.836,4.2,1.2,0.8,0.4,0.9,2.9,11.1
Pau Gasol,3007,0.005,15.0,22.6,0.2,1.7,PF,0.1,0.519,0.709,8.9,2.7,0.5,2.1,2.7,2.4,17.6
Chris Gatling,809,0.027,14.4,23.7,-0.6,-3.1,PF,0.1,0.456,0.701,3.8,0.5,0.3,0.2,1.1,2.0,6.4
Devean George,1759,0.34,10.2,16.4,1.0,0.3,SF,2.2,0.432,0.675,3.7,1.4,0.9,0.5,0.8,2.3,7.1
Eddie Gill,384,0.239,23.7,16.9,-1.3,-4.8,PG,1.0,0.457,0.795,1.2,2.1,0.5,0.1,1.5,1.7,5.0
Kendall Gill,1410,0.104,10.9,17.1,0.9,-3.8,SG,0.7,0.413,0.677,2.8,1.5,0.7,0.1,0.8,2.2,5.7
Dion Glover,1156,0.2,13.2,22.6,-0.7,-1.9,SG,1.7,0.444,0.757,3.1,1.5,0.8,0.3,1.4,1.6,8.9
Brian Grant,2256,0.003,15.6,16.6,0.7,-1.1,PF,0.0,0.47,0.849,8.0,1.9,0.7,0.4,1.7,3.3,9.3
Horace Grant,2210,0.0,8.3,12.5,-0.1,0.0,C,0.0,0.513,0.721,6.3,1.4,0.8,0.6,0.7,1.6,8.0
Adrian Griffin,1383,0.15,9.9,13.8,1.6,1.3,SG,0.9,0.534,0.837,3.9,1.8,1.3,0.2,0.7,2.4,7.2
Eddie Griffin,1896,0.41,6.3,18.4,-0.6,-0.9,PF,3.7,0.392,0.744,5.7,0.7,0.2,1.8,0.6,1.6,8.8
Tom Gugliotta,1129,0.03,16.1,15.0,1.1,-2.2,PF,0.2,0.425,0.757,5.0,1.8,0.9,0.7,1.4,2.6,6.5
A.J. Guyton,607,0.504,12.6,22.2,-2.8,-1.6,PG,2.7,0.347,0.815,1.0,1.8,0.2,0.2,0.8,0.5,5.4
Darvin Ham,1208,0.033,23.8,13.5,-0.3,-3.6,SF,0.1,0.583,0.504,2.9,1.0,0.4,0.5,1.2,2.5,4.3
Richard Hamilton,2203,0.039,9.7,28.6,-2.4,-0.9,SG,0.7,0.438,0.89,3.4,2.7,0.6,0.2,2.1,2.2,20.0
Zendon Hamilton,848,0.0,15.6,20.3,-2.5,-5.2,PF,0.0,0.42,0.652,4.7,0.3,0.4,0.3,1.1,1.9,6.0
Anfernee Hardaway,2462,0.089,15.7,21.9,0.8,-0.4,SG,1.0,0.432,0.81,4.4,4.1,1.5,0.4,2.4,2.3,12.0
Tim Hardaway*,1601,0.571,14.3,21.8,-1.6,-0.5,PG,5.2,0.387,0.794,1.8,4.1,0.8,0.1,1.6,1.6,9.6
Matt Harpring,2541,0.082,12.0,19.1,-0.3,-0.8,SF,0.9,0.475,0.743,7.1,1.3,0.9,0.1,1.6,2.5,11.8
Al Harrington,1313,0.006,12.5,21.6,-0.4,-1.9,PF,0.1,0.476,0.799,6.3,1.2,0.9,0.5,1.8,3.8,13.1
Othella Harrington,1563,0.004,15.3,18.5,-0.4,-2.9,PF,0.0,0.529,0.709,4.5,0.5,0.4,0.5,1.2,3.2,7.7
Lucious Harris,1553,0.22,9.1,19.3,0.6,1.4,SG,1.6,0.489,0.842,2.8,1.6,0.7,0.1,0.8,1.3,9.1
Donnell Harvey,841,0.0,11.4,15.4,-0.4,-1.9,PF,0.0,0.498,0.6,4.8,0.8,0.4,0.5,0.7,2.4,5.7
Trenton Hassell,2237,0.263,13.0,16.0,-1.0,-2.7,SG,2.1,0.447,0.763,3.3,2.2,0.7,0.6,1.3,2.4,8.7
Brendan Haywood,1266,0.0,14.6,12.4,0.5,-1.3,C,0.0,0.493,0.606,5.2,0.5,0.3,1.5,0.8,2.5,5.1
Alan Henderson,422,0.009,13.4,16.8,-0.1,-1.9,PF,0.0,0.504,0.533,3.7,0.4,0.4,0.6,0.8,1.5,5.5
Grant Hill*,512,0.01,13.8,23.4,-0.3,0.5,SF,0.1,0.43,0.863,8.9,4.6,0.6,0.3,2.6,2.9,16.8
Tyrone Hill,810,0.005,17.4,15.6,-1.4,-4.9,PF,0.0,0.392,0.65,10.5,0.9,0.7,0.5,1.8,3.9,8.0
Fred Hoiberg,1408,0.316,8.8,11.9,0.8,-0.9,SG,1.2,0.487,0.84,2.7,1.7,0.8,0.1,0.4,1.1,4.4
Robert Horry,2140,0.441,14.5,12.8,2.4,3.5,PF,2.5,0.416,0.783,5.9,2.9,1.0,1.1,1.1,2.6,6.8
Eddie House,1230,0.3,12.8,24.3,0.1,-1.4,PG,2.5,0.422,0.857,1.7,1.9,0.7,0.1,1.3,1.5,8.0
Allan Houston,2914,0.266,10.5,25.9,-1.4,-0.1,SG,4.5,0.452,0.87,3.3,2.5,0.7,0.1,2.2,2.4,20.4
Juwan Howard,2635,0.002,11.6,22.3,-1.4,-1.3,PF,0.0,0.461,0.761,7.6,2.1,0.6,0.6,1.9,3.3,14.6
Troy Hudson,1854,0.229,15.3,25.8,-2.0,-1.8,PG,2.3,0.459,0.876,1.8,3.1,0.7,0.1,2.0,1.5,11.7
Larry Hughes,2049,0.115,15.6,22.5,-0.1,0.3,SG,1.3,0.453,0.737,3.4,4.3,1.5,0.3,2.3,2.1,12.3
Lindsey Hunter,1616,0.424,9.8,15.6,0.7,-1.5,PG,2.5,0.383,0.5,1.5,1.6,0.8,0.2,0.7,1.5,5.8
Steven Hunter,516,0.0,7.8,17.7,-0.4,-4.0,C,0.0,0.456,0.585,1.8,0.1,0.1,0.8,0.3,1.5,3.6
Zydrunas Ilgauskas,1329,0.009,12.0,27.0,-1.6,-2.9,C,0.1,0.429,0.754,5.4,1.1,0.3,1.4,1.5,3.0,11.1
Allen Iverson*,2622,0.161,11.0,37.8,0.8,4.8,SG,4.5,0.419,0.812,4.5,5.5,2.8,0.2,4.0,1.7,31.4
Bobby Jackson,1750,0.29,10.0,23.1,0.4,2.1,PG,2.7,0.477,0.81,3.1,2.0,0.9,0.1,1.1,1.8,11.1
Jim Jackson,1825,0.151,15.5,17.8,0.6,-1.0,SF,1.5,0.438,0.862,5.3,2.5,0.8,0.3,1.9,2.6,10.7
Marc Jackson,495,0.006,13.1,20.3,-1.5,-4.3,C,0.0,0.368,0.825,3.3,0.4,0.3,0.2,0.8,1.8,4.8
Mark Jackson,2367,0.329,19.0,15.6,-0.1,1.6,PG,2.4,0.456,0.791,3.8,7.4,0.9,0.0,1.8,2.0,8.4
Jerome James,949,0.0,19.8,18.3,1.0,-4.3,C,0.0,0.491,0.5,4.1,0.4,0.4,1.5,1.3,3.1,5.3
Antawn Jamison,3033,0.153,9.3,24.0,-2.1,0.2,SF,2.6,0.469,0.734,6.8,2.0,0.9,0.5,2.0,2.3,19.7
Richard Jefferson,1917,0.095,13.1,19.1,0.9,-0.4,SF,0.7,0.48,0.713,3.7,1.8,0.8,0.6,1.4,2.7,9.4
Anthony Johnson,366,0.133,16.5,14.8,3.1,0.0,SG,0.4,0.423,0.64,0.9,1.4,0.9,0.0,0.6,0.9,2.8
Avery Johnson,1352,0.012,13.1,19.2,-1.4,0.0,PG,0.1,0.485,0.742,1.0,4.2,0.6,0.1,1.1,1.3,7.9
DerMarr Johnson,1727,0.457,14.8,18.0,0.0,-1.3,SF,3.4,0.427,0.81,3.4,1.1,0.9,0.8,1.4,2.3,8.4
Ervin Johnson,1660,0.005,19.0,7.7,-0.1,-3.5,C,0.0,0.464,0.455,5.8,0.3,0.5,1.0,0.6,2.7,2.6
Joe Johnson,1916,0.223,10.5,16.0,0.5,-0.7,SG,1.7,0.469,0.774,3.3,2.3,0.8,0.3,0.9,1.5,7.5
Damon Jones,1083,0.655,16.4,16.1,-1.0,-1.7,PG,2.8,0.459,0.729,1.5,2.1,0.3,0.0,0.9,1.2,5.1
Eddie Jones,3156,0.319,9.9,22.7,1.7,3.9,SG,4.7,0.451,0.837,4.7,3.2,1.4,1.0,1.8,3.2,18.3
Jumaine Jones,2142,0.263,10.5,16.1,-0.2,-0.6,PF,2.1,0.498,0.662,6.0,1.4,0.9,0.6,1.0,2.3,8.3
Popeye Jones,1920,0.022,13.5,15.7,-0.8,-1.3,PF,0.1,0.439,0.815,7.3,1.6,0.6,0.2,1.1,2.6,7.0
Michael Jordan*,2093,0.04,9.9,36.0,-0.1,3.1,SF,0.9,0.426,0.79,5.7,5.2,1.4,0.4,2.7,2.0,22.9
Shawn Kemp,1232,0.01,14.8,20.2,0.2,-3.7,PF,0.1,0.434,0.794,3.8,0.7,0.6,0.4,1.1,2.5,6.1
Steve Kerr,775,0.304,9.3,15.2,-0.7,-1.3,PG,1.0,0.503,0.975,0.9,1.0,0.2,0.0,0.4,0.8,4.1
Jason Kidd*,3056,0.32,18.7,22.5,1.5,4.5,PG,4.4,0.424,0.814,7.3,9.9,2.1,0.2,3.5,1.7,14.7
Andrei Kirilenko,2151,0.158,11.9,19.0,1.9,3.7,SF,1.2,0.488,0.768,4.9,1.1,1.4,1.9,1.3,1.9,10.7
Kerry Kittles,2601,0.257,9.7,19.4,1.4,2.6,SG,3.0,0.487,0.744,3.4,2.6,1.6,0.4,1.3,1.3,13.4
Brevin Knight,1151,0.024,22.4,19.6,0.9,-1.0,PG,0.2,0.426,0.757,2.1,5.7,1.5,0.1,2.1,2.5,7.0
Travis Knight,429,0.0,18.1,16.2,-1.1,-8.7,C,0.0,0.363,0.762,2.1,0.2,0.2,0.2,0.6,1.9,2.0
Toni Kukoč*,1494,0.339,16.5,20.7,-0.5,0.0,SF,2.9,0.474,0.712,3.7,3.6,0.8,0.3,1.9,1.5,9.9
Christian Laettner,1441,0.028,17.7,15.4,1.1,0.5,PF,0.2,0.472,0.868,5.3,2.6,1.1,0.4,1.5,2.3,7.1
Raef LaFrentz,2455,0.291,8.7,19.8,0.8,1.8,C,3.4,0.486,0.695,7.4,1.1,0.7,2.7,1.2,3.6,13.5
Trajan Langdon,477,0.42,16.9,22.7,-1.5,-1.3,SG,1.7,0.422,0.913,1.3,1.4,0.3,0.1,0.9,1.1,4.8
Dan Langhi,434,0.032,6.5,14.8,-1.6,-4.6,SF,0.1,0.397,0.727,2.0,0.4,0.2,0.1,0.3,0.7,3.1
Rusty LaRue,542,0.27,17.7,20.2,-1.2,-3.4,PG,1.5,0.415,0.857,1.5,2.2,0.5,0.2,1.3,1.8,5.8
Voshon Lenard,1665,0.312,10.0,24.5,-0.8,0.1,SG,3.4,0.427,0.783,2.6,1.8,0.8,0.4,1.3,1.5,11.5
Quincy Lewis,490,0.126,17.4,16.9,0.9,-4.4,SG,0.5,0.488,0.65,1.2,1.0,0.6,0.3,0.9,2.5,4.0
Rashard Lewis,2585,0.325,8.4,20.8,-0.1,3.0,SF,4.5,0.506,0.81,7.0,1.7,1.5,0.6,1.4,2.5,16.8
Art Long,989,0.0,18.3,16.2,-0.9,-4.8,PF,0.0,0.492,0.529,4.0,0.7,0.3,0.4,1.0,2.9,4.5
Grant Long,1868,0.044,19.0,13.2,0.2,-4.6,PF,0.3,0.438,0.699,3.5,2.1,1.0,0.2,1.6,1.9,6.3
Felipe López,581,0.212,16.7,16.8,-0.7,-4.6,SG,0.5,0.366,0.673,1.2,0.6,0.3,0.0,0.5,1.1,2.5
Tyronn Lue,1458,0.271,14.9,20.4,-1.2,-1.1,PG,2.0,0.42,0.762,1.7,3.5,0.7,0.0,1.4,1.7,7.8
George Lynch,893,0.03,16.0,13.1,1.0,-1.8,SF,0.1,0.375,0.625,4.1,1.2,0.9,0.3,0.9,1.7,3.8
Todd MacCulloch,1502,0.0,10.9,18.0,1.0,1.2,C,0.0,0.531,0.671,6.1,1.3,0.4,1.4,1.1,2.9,9.7
Mark Madsen,650,0.014,11.5,13.2,-0.3,-1.9,PF,0.0,0.458,0.648,2.7,0.7,0.3,0.2,0.4,1.8,2.8
Corey Maggette,1615,0.262,15.3,21.1,-0.6,-0.8,SG,2.2,0.483,0.801,3.7,1.8,0.7,0.3,1.8,2.5,11.4
Jamaal Magloire,1549,0.002,17.4,20.0,0.1,-0.1,C,0.0,0.552,0.73,5.6,0.4,0.3,1.0,1.4,2.5,8.5
Dan Majerle,1180,0.813,10.3,12.9,1.5,0.5,SG,3.6,0.37,0.59,2.7,1.4,0.7,0.2,0.5,1.6,4.6
Karl Malone*,3040,0.018,13.5,28.8,0.8,3.7,PF,0.3,0.456,0.797,8.6,4.3,1.9,0.7,3.3,2.9,22.4
Danny Manning,552,0.047,13.3,15.4,1.2,-1.2,PF,0.2,0.493,0.667,2.6,0.7,0.5,0.5,0.6,2.0,4.0
Stephon Marbury,3187,0.176,15.0,26.6,-1.6,1.2,PG,3.0,0.476,0.781,3.2,8.1,0.9,0.2,3.5,2.3,20.4
Shawn Marion,3109,0.087,8.8,23.6,1.1,3.1,SF,1.5,0.476,0.845,9.9,2.0,1.8,1.1,1.8,2.6,19.1
Sean Marks,319,0.0,15.6,18.2,0.8,-3.9,C,0.0,0.432,0.588,3.6,0.4,0.2,0.5,0.9,1.9,4.6
Donyell Marshall,1750,0.064,14.0,22.8,-0.1,1.7,SF,0.7,0.533,0.708,7.6,1.7,0.9,1.2,2.1,2.6,14.8
Kenyon Martin,2504,0.07,13.7,22.4,1.4,0.4,PF,0.9,0.48,0.678,5.3,2.6,1.2,1.7,2.4,3.6,14.9
Jamal Mashburn,1601,0.151,11.5,27.4,-0.6,1.1,SF,2.8,0.415,0.876,6.1,4.3,1.1,0.2,2.8,2.0,21.5
Anthony Mason,3143,0.002,15.2,12.7,-0.2,-0.6,PF,0.0,0.504,0.697,7.9,4.2,0.7,0.3,1.6,2.3,9.6
Desmond Mason,2420,0.077,10.6,18.8,-0.9,-1.7,SF,0.8,0.48,0.848,4.7,1.4,0.9,0.4,1.4,2.3,12.4
Tony Massenburg,1247,0.003,14.0,17.0,-0.7,-4.6,PF,0.0,0.454,0.718,4.4,0.4,0.4,0.4,0.9,2.4,5.5
Walter McCarty,718,0.55,10.5,13.3,0.4,-0.6,PF,1.8,0.506,0.684,2.3,0.7,0.3,0.1,0.4,1.5,3.8
George McCloud,1830,0.385,18.2,19.4,-0.8,-3.3,SF,3.2,0.412,0.81,3.6,3.0,0.8,0.3,2.1,2.5,8.8
Tracy McGrady*,2912,0.178,9.4,31.1,0.4,6.8,SG,3.7,0.47,0.748,7.9,5.3,1.6,1.0,2.5,1.8,25.6
Jeff McInnis,3030,0.209,10.8,20.3,-1.7,-1.6,PG,2.9,0.437,0.836,2.6,6.2,0.8,0.1,1.8,2.5,14.6
Derrick McKey,784,0.098,14.7,8.8,2.2,-0.8,SF,0.3,0.427,0.714,3.1,1.1,1.0,0.1,0.5,2.2,2.9
Aaron McKie,1471,0.261,14.6,19.8,1.4,2.7,SG,2.7,0.467,0.787,4.0,3.7,1.2,0.3,1.9,1.5,12.2
Stanislav Medvedenko,729,0.013,11.3,23.0,-0.7,-2.2,C,0.1,0.483,0.661,2.2,0.6,0.4,0.2,0.6,1.7,4.7
Ron Mercer,1716,0.079,9.5,24.8,-2.3,-4.6,SG,1.2,0.406,0.798,3.4,2.4,0.6,0.2,1.7,2.0,13.9
Chris Mihm,1659,0.013,13.8,19.4,-1.8,-6.9,C,0.1,0.42,0.693,5.3,0.3,0.2,1.2,1.3,3.5,7.7
Darius Miles,2227,0.03,17.5,18.5,1.3,0.6,SF,0.2,0.491,0.62,5.5,2.2,0.9,1.3,2.0,2.2,9.5
Andre Miller,3023,0.083,16.5,22.6,-0.3,3.9,PG,1.1,0.472,0.817,4.7,10.9,1.6,0.4,3.0,2.8,16.5
Brad Miller,2263,0.01,11.3,20.6,-0.2,2.3,C,0.1,0.5,0.775,8.2,2.0,1.0,0.5,1.5,3.2,13.6
Mike Miller,2123,0.378,10.9,20.9,-1.0,0.3,SF,4.8,0.471,0.762,4.3,3.1,0.7,0.4,1.7,2.3,15.2
Reggie Miller*,2889,0.485,10.2,18.5,-0.2,2.5,SG,5.6,0.498,0.911,2.8,3.2,1.1,0.1,1.5,1.8,16.5
Chris Mills,1237,0.297,10.6,18.0,-1.2,-1.5,SF,1.9,0.433,0.794,2.9,1.1,0.5,0.2,0.8,1.8,7.4
Sam Mitchell,726,0.154,9.5,17.1,-0.9,-3.8,SF,0.5,0.458,0.776,1.1,0.6,0.2,0.1,0.4,1.1,3.3
Cuttino Mobley,3116,0.278,10.7,24.9,-0.8,0.3,SG,5.1,0.455,0.85,4.1,2.5,1.5,0.5,2.4,2.6,21.7
Nazr Mohammed,2168,0.001,12.7,19.4,-1.6,-3.8,C,0.0,0.462,0.617,7.9,0.4,0.8,0.7,1.4,3.1,9.7
Eric Montross,655,0.008,14.7,11.9,0.3,-5.6,C,0.0,0.405,0.323,2.9,0.3,0.2,0.5,0.5,1.9,2.4
Terence Morris,1110,0.27,13.0,14.5,-1.1,-3.3,SF,1.1,0.455,0.643,3.1,0.9,0.3,0.4,0.7,1.1,3.8
Hanno Möttölä,1371,0.034,14.4,16.1,-1.3,-5.4,C,0.2,0.453,0.75,3.3,0.6,0.2,0.2,0.9,2.1,4.8
Alonzo Mourning*,2455,0.003,14.7,24.1,1.4,1.3,C,0.0,0.517,0.657,8.4,1.2,0.4,2.5,2.4,3.4,15.7
Troy Murphy,1448,0.021,14.6,16.7,-1.0,-4.3,PF,0.1,0.423,0.776,3.9,0.9,0.4,0.3,1.0,2.6,5.9
Lamond Murray,2312,0.241,11.3,24.7,-1.3,0.5,SF,3.4,0.44,0.817,5.2,2.2,1.0,0.6,2.0,2.1,16.6
Tracy Murray,473,0.502,10.4,23.3,-1.5,0.0,SF,2.6,0.437,0.81,1.3,0.5,0.3,0.2,0.6,1.0,5.7
Dikembe Mutombo*,2907,0.0,16.3,15.1,1.2,0.7,C,0.0,0.501,0.764,10.8,1.0,0.4,2.4,2.0,3.0,11.5
Lee Nailon,1912,0.003,10.4,22.1,-0.6,-1.5,SF,0.0,0.483,0.747,3.7,1.2,0.7,0.2,1.2,2.2,10.8
Eduardo Nájera,1357,0.007,9.9,13.5,0.0,0.2,PF,0.0,0.503,0.676,5.5,0.6,0.9,0.5,0.6,2.5,6.5
Steve Nash*,2837,0.315,15.8,23.0,-2.1,3.1,PG,4.2,0.495,0.887,3.1,7.7,0.6,0.0,2.8,2.0,17.9
Tyrone Nesby,1498,0.112,9.6,15.7,0.3,-0.8,SF,0.7,0.455,0.688,4.5,1.3,0.9,0.3,0.7,2.3,6.3
Rasho Nesterović,2218,0.002,12.0,16.0,0.1,-1.7,C,0.0,0.494,0.549,6.5,0.9,0.5,1.3,1.1,3.2,8.4
Ira Newble,1273,0.027,14.0,12.5,0.3,-1.5,SF,0.2,0.508,0.852,5.3,1.1,0.9,0.5,1.2,2.8,8.0
Johnny Newman,724,0.385,10.8,12.1,0.4,-2.6,SF,1.2,0.495,0.724,1.0,0.3,0.6,0.1,0.4,1.9,4.2
Moochie Norris,2249,0.212,18.1,17.8,-1.2,-2.4,PG,1.6,0.433,0.751,3.0,4.9,1.0,0.0,1.9,1.6,8.1
Dirk Nowitzki,2891,0.278,8.9,25.5,0.1,5.5,C,4.6,0.508,0.853,9.9,2.4,1.1,1.0,1.9,2.9,23.4
Jermaine O'Neal,2707,0.012,11.7,24.9,0.2,0.2,PF,0.2,0.484,0.688,10.5,1.6,0.6,2.3,2.4,3.7,19.0
Shaquille O'Neal*,2422,0.001,10.0,31.8,0.9,8.0,C,0.0,0.58,0.555,10.7,3.0,0.6,2.0,2.6,3.0,27.2
Charles Oakley,1383,0.023,24.0,12.1,0.5,-5.1,PF,0.1,0.374,0.75,6.0,2.0,0.9,0.2,1.5,3.1,3.8
Lamar Odom,999,0.233,19.5,22.5,1.2,1.3,SF,2.9,0.489,0.656,6.1,5.9,0.8,1.2,3.3,3.1,13.1
Hakeem Olajuwon*,1378,0.005,17.7,18.3,2.4,-0.4,C,0.0,0.466,0.56,6.0,1.1,1.2,1.5,1.6,2.4,7.1
Kevin Ollie,1723,0.006,19.0,14.9,-0.2,-1.9,PG,0.0,0.387,0.824,2.3,3.6,0.8,0.0,1.3,1.2,5.7
Michael Olowokandi,2568,0.0,15.3,20.1,0.3,-2.8,C,0.0,0.433,0.622,8.9,1.1,0.7,1.8,2.2,2.7,11.1
Greg Ostertag,1107,0.0,16.5,12.6,1.2,-1.1,C,0.0,0.453,0.485,4.2,0.7,0.2,1.5,0.7,2.1,3.3
Bo Outlaw,1928,0.007,21.8,10.2,2.3,0.4,PF,0.0,0.556,0.422,4.4,1.5,0.8,1.1,1.2,2.5,4.5
Scott Padgett,1295,0.286,13.6,17.7,-0.7,0.6,PF,1.5,0.493,0.735,3.8,1.1,0.6,0.2,0.9,1.9,6.7
Milt Palacio,790,0.192,14.0,16.4,0.5,-3.2,PG,0.6,0.399,0.73,1.1,1.2,0.4,0.1,0.6,0.9,3.3
Tony Parker,2267,0.296,17.5,17.7,0.6,-1.1,PG,2.5,0.46,0.675,2.6,4.3,1.2,0.1,2.0,2.2,9.2
Ruben Patterson,1765,0.058,13.4,22.1,0.2,2.1,SF,0.5,0.532,0.701,4.0,1.4,1.1,0.5,1.5,1.9,11.2
Gary Payton*,3301,0.15,10.8,27.2,-0.2,5.1,PG,2.9,0.494,0.797,4.8,9.0,1.6,0.3,2.5,2.2,22.1
Anthony Peeler,2060,0.414,9.7,17.3,-0.2,-0.2,SG,3.5,0.441,0.862,2.5,2.2,0.7,0.1,0.9,1.7,9.0
Wesley Person,2793,0.341,6.9,17.6,-0.8,1.8,SG,4.1,0.521,0.798,3.8,2.2,1.0,0.5,0.9,1.2,15.1
Morris Peterson,1988,0.301,9.3,21.3,-0.2,0.7,SF,3.7,0.469,0.751,3.5,2.4,1.2,0.2,1.4,2.8,14.0
Eric Piatkowski,1718,0.505,10.9,15.4,-0.4,1.0,SG,3.4,0.412,0.894,2.6,1.6,0.6,0.2,0.9,1.5,8.8
Paul Pierce*,3302,0.325,11.4,29.3,1.3,5.9,SG,6.3,0.461,0.809,6.9,3.2,1.9,1.0,2.9,2.9,26.1
Scottie Pippen*,1996,0.295,20.5,19.1,1.6,1.8,SF,2.9,0.455,0.774,5.2,5.9,1.6,0.6,2.8,2.6,10.6
Scot Pollard,1881,0.0,13.6,11.5,1.3,0.8,C,0.0,0.55,0.693,7.1,0.7,0.9,1.0,0.9,2.5,6.4
Mark Pope,426,0.275,13.0,12.7,-0.4,-4.2,PF,0.6,0.485,0.524,1.6,0.4,0.2,0.2,0.3,1.0,1.9
Terry Porter,1294,0.442,19.2,15.9,1.3,1.7,PG,2.0,0.43,0.819,2.3,2.8,0.6,0.2,1.2,1.2,5.5
James Posey,2238,0.322,13.3,19.1,0.7,-0.8,SF,3.2,0.421,0.793,5.9,2.5,1.6,0.5,1.7,3.1,10.7
Vitaly Potapenko,1343,0.0,15.1,14.1,-0.9,-3.8,C,0.0,0.455,0.742,4.4,0.4,0.5,0.2,0.8,2.2,4.6
Joel Przybilla,1128,0.007,19.1,9.3,2.1,-2.3,C,0.0,0.539,0.422,4.0,0.3,0.3,1.7,0.6,2.8,2.7
Vladimir Radmanović,1230,0.444,15.7,17.3,0.8,0.6,PF,2.6,0.406,0.681,3.8,1.3,0.9,0.4,1.2,2.0,6.7
Željko Rebrača,1179,0.0,15.7,21.4,0.6,-2.3,C,0.0,0.505,0.771,3.9,0.5,0.4,1.0,1.1,2.6,6.9
Michael Redd,1417,0.325,8.0,23.7,-1.6,2.5,SG,3.0,0.501,0.791,3.3,1.4,0.6,0.1,0.9,1.4,11.4
Don Reid,714,0.0,19.7,17.2,0.8,-5.5,PF,0.0,0.474,0.647,2.6,0.4,0.3,0.6,0.8,2.6,3.3
Glen Rice,606,0.383,11.8,15.6,-0.7,-3.8,SF,3.2,0.456,0.8,2.4,1.6,0.6,0.2,1.2,1.7,8.6
Jason Richardson,2629,0.226,11.9,21.5,-1.0,-0.9,SG,3.1,0.453,0.671,4.3,3.0,1.3,0.4,2.0,2.4,14.4
Quentin Richardson,2152,0.377,9.2,23.3,-0.5,2.2,SG,4.3,0.463,0.765,4.1,1.6,1.0,0.3,1.3,1.8,13.3
Mitch Richmond*,709,0.251,13.1,19.4,-0.4,-2.9,SG,1.0,0.443,0.955,1.5,0.9,0.3,0.1,0.6,1.0,4.1
Clifford Robinson,2855,0.284,11.5,21.6,0.1,-0.5,PF,3.8,0.443,0.694,4.8,2.5,1.1,1.2,1.9,3.0,14.6
David Robinson*,2303,0.0,10.9,19.2,2.2,3.9,C,0.0,0.507,0.681,8.3,1.2,1.1,1.8,1.3,2.5,12.2
Eddie Robinson,653,0.02,11.8,21.4,-1.2,-2.3,SF,0.2,0.455,0.75,2.7,1.3,0.8,0.4,1.2,1.2,9.0
Glenn Robinson,2346,0.155,12.0,28.8,-0.9,0.3,SF,2.7,0.493,0.837,6.2,2.5,1.5,0.6,2.6,2.6,20.7
Rodney Rogers,1880,0.311,11.6,22.3,-0.1,1.3,SF,3.1,0.514,0.785,4.5,1.5,0.9,0.4,1.4,2.9,11.9
Sean Rooks,728,0.0,8.8,14.1,0.1,-4.5,C,0.0,0.418,0.724,2.0,0.4,0.2,0.3,0.3,1.9,3.0
Jalen Rose,3153,0.169,11.1,26.1,-1.1,0.3,SF,3.0,0.474,0.839,4.5,4.3,0.9,0.5,2.4,3.0,20.4
Malik Rose,1725,0.019,15.8,23.9,0.3,-1.3,PF,0.1,0.47,0.72,6.0,0.7,0.9,0.5,1.7,2.5,9.4
Bryon Russell,1998,0.387,14.6,17.1,-0.8,-2.7,SG,3.4,0.405,0.821,4.5,2.1,1.0,0.3,1.7,3.1,9.6
Kenny Satterfield,560,0.136,19.5,21.8,-1.1,-3.5,PG,0.8,0.384,0.783,1.4,3.0,0.9,0.0,1.5,1.2,5.3
Brian Shaw,631,0.509,14.8,15.4,1.0,0.0,PG,1.5,0.376,0.692,1.9,1.5,0.4,0.1,0.6,0.7,2.9
Bobby Simmons,343,0.147,11.5,16.4,-0.3,0.0,SF,0.5,0.481,0.733,1.7,0.6,0.4,0.2,0.5,1.0,3.7
Brian Skinner,1107,0.0,17.6,9.9,-0.1,-2.4,PF,0.0,0.543,0.608,4.3,0.3,0.4,0.9,0.6,2.0,3.4
Charles Smith,1141,0.306,11.4,21.0,1.9,0.9,SG,2.2,0.495,0.646,2.2,1.3,0.9,0.7,1.0,1.9,7.4
Joe Smith,1922,0.005,11.4,17.8,0.0,-0.2,C,0.0,0.51,0.83,6.3,1.1,0.5,0.8,1.2,3.5,10.7
Steve Smith,2211,0.361,12.4,18.3,0.1,0.9,SG,3.2,0.445,0.878,2.5,2.0,0.7,0.2,1.4,2.1,11.6
Eric Snow,2225,0.043,16.0,17.7,0.9,0.3,PG,0.4,0.457,0.806,3.5,6.6,1.6,0.1,2.3,2.7,12.1
Will Solomon,872,0.489,14.6,22.1,-1.1,-4.4,SG,2.6,0.396,0.671,1.1,1.5,0.6,0.1,1.0,1.2,5.2
Latrell Sprewell,3326,0.284,12.4,25.1,-1.1,-0.8,SF,5.0,0.421,0.821,3.7,3.9,1.2,0.2,2.8,2.0,19.4
Jerry Stackhouse,2685,0.227,14.5,32.3,-1.2,1.4,SF,3.9,0.43,0.858,4.1,5.3,1.0,0.5,3.5,2.1,21.4
John Starks,929,0.306,13.7,18.4,-1.2,-6.2,SG,1.4,0.395,0.805,1.0,1.1,0.5,0.0,0.8,1.9,4.4
Vladimir Stepania,884,0.008,15.0,18.7,0.4,-2.3,C,0.0,0.47,0.481,4.0,0.2,0.4,0.7,0.8,1.5,4.3
DeShawn Stevenson,1134,0.067,14.7,18.4,-0.9,-3.9,SG,0.4,0.408,0.698,2.0,1.7,0.4,0.4,1.0,1.2,4.9
Bryant Stith,665,0.362,12.5,16.6,-0.5,-2.1,SG,1.4,0.383,0.846,1.7,0.8,0.6,0.1,0.6,0.8,4.2
John Stockton*,2566,0.101,18.5,19.8,1.3,5.3,PG,1.0,0.539,0.857,3.2,8.2,1.9,0.3,2.5,2.5,13.4
Peja Stojaković,2649,0.274,9.9,23.2,-0.2,3.0,SF,4.4,0.51,0.876,5.3,2.5,1.1,0.2,2.0,1.7,21.2
Damon Stoudamire,2796,0.321,12.9,18.8,-0.8,0.5,PG,3.9,0.425,0.888,3.9,6.5,0.9,0.1,2.0,2.0,13.5
Erick Strickland,1643,0.506,14.5,18.0,0.4,-0.5,PG,3.1,0.394,0.845,2.7,2.3,0.7,0.0,1.2,1.8,7.7
Mark Strickland,654,0.02,11.1,17.4,-1.0,-3.3,SF,0.1,0.45,0.568,2.8,0.4,0.4,0.4,0.6,1.0,4.5
Rod Strickland,2294,0.036,16.5,20.0,0.2,0.7,PG,0.3,0.448,0.766,3.1,6.1,1.1,0.1,2.1,1.5,10.4
Bob Sura,1780,0.225,15.3,20.5,0.0,1.6,PG,1.7,0.455,0.72,3.3,3.5,1.1,0.2,1.7,2.1,10.0
Stromile Swift,1805,0.005,14.1,21.8,0.0,-1.0,PF,0.0,0.482,0.711,6.3,0.7,0.8,1.7,1.8,2.6,11.8
Wally Szczerbiak,3117,0.159,12.1,21.8,-0.9,1.4,SF,2.3,0.517,0.831,4.8,3.1,0.8,0.3,2.2,2.3,18.7
Jason Terry,2967,0.364,11.7,23.6,-0.1,3.2,SG,5.7,0.454,0.835,3.5,5.7,1.8,0.2,2.3,2.0,19.3
Etan Thomas,618,0.0,12.4,15.6,0.0,-1.2,C,0.0,0.536,0.554,3.9,0.1,0.4,0.7,0.6,1.6,4.3
Kenny Thomas,2484,0.019,12.8,20.9,0.2,0.1,PF,0.2,0.487,0.664,7.2,1.9,1.2,0.9,2.0,2.7,14.1
Kurt Thomas,2771,0.006,12.7,20.3,0.0,-1.0,C,0.1,0.496,0.815,9.1,1.1,0.9,1.0,1.9,4.2,13.9
Tim Thomas,1987,0.386,13.2,22.6,-1.2,-2.3,SF,3.9,0.478,0.793,4.1,1.4,0.9,0.4,1.7,2.7,11.7
Jamaal Tinsley,2442,0.23,24.3,20.7,0.2,-0.4,PG,2.2,0.422,0.704,3.7,8.1,1.7,0.5,3.4,3.1,9.4
Óscar Torres,1075,0.37,11.2,18.8,-1.6,-2.7,SG,1.9,0.456,0.781,1.9,0.6,0.4,0.1,0.8,1.0,6.0
Robert Traylor,678,0.005,15.7,19.3,0.9,-3.0,PF,0.0,0.424,0.631,3.1,0.6,0.4,0.6,0.7,2.1,3.7
Gary Trent,1140,0.005,11.5,19.9,-0.7,-1.6,PF,0.0,0.509,0.639,4.2,0.9,0.3,0.4,0.9,2.5,7.5
Jake Tsakalidis,1582,0.003,14.2,15.5,-0.2,-3.5,C,0.0,0.476,0.698,5.6,0.3,0.3,1.0,1.2,2.9,7.3
Hedo Türkoğlu,1970,0.249,9.3,19.2,0.7,0.8,SF,2.1,0.44,0.726,4.5,2.0,0.7,0.4,1.0,2.3,10.1
Nick Van Exel,2496,0.285,10.5,26.8,-1.9,1.7,PG,4.9,0.436,0.801,3.5,6.6,0.6,0.2,2.2,1.4,18.4
Keith Van Horn,2465,0.269,11.1,24.0,0.1,0.8,SF,3.6,0.465,0.8,7.5,2.0,0.8,0.5,1.8,2.7,14.8
Jacque Vaughn,1856,0.123,18.5,14.8,-0.6,-2.2,PG,0.7,0.474,0.825,2.0,4.3,0.8,0.0,1.4,2.2,6.6
Jake Voskuhl,900,0.0,16.6,14.4,-1.0,-3.0,C,0.0,0.554,0.752,4.2,0.3,0.2,0.4,0.8,2.4,5.0
Antoine Walker,3406,0.382,12.1,27.8,0.0,2.2,PF,8.0,0.425,0.741,8.8,5.0,1.5,0.5,3.1,2.9,22.1
Samaki Walker,1655,0.0,11.2,12.9,1.0,0.1,PF,0.0,0.512,0.667,7.0,0.9,0.4,1.3,0.8,2.5,6.7
Ben Wallace*,2921,0.006,10.7,10.5,3.3,4.4,C,0.0,0.535,0.423,13.0,1.4,1.7,3.5,0.9,2.2,7.6
Gerald Wallace,430,0.04,10.1,22.0,-0.4,-2.4,SF,0.1,0.446,0.5,1.6,0.5,0.4,0.1,0.4,0.9,3.2
John Wallace,490,0.061,11.0,24.1,-0.8,-2.6,SF,0.3,0.438,0.87,1.8,0.6,0.2,0.2,0.6,1.3,5.0
Rasheed Wallace,2963,0.246,8.5,23.7,0.5,3.0,PF,4.0,0.504,0.734,8.2,1.9,1.3,1.3,1.7,2.7,19.3
Charlie Ward,1058,0.541,18.6,17.8,2.2,2.0,PG,2.6,0.432,0.81,2.0,3.2,1.1,0.2,1.2,1.6,5.2
Earl Watson,964,0.208,18.3,13.4,1.6,-0.2,PG,0.7,0.476,0.639,1.3,2.0,0.9,0.1,0.8,1.5,3.6
Clarence Weatherspoon,1728,0.0,8.3,15.2,-0.2,-1.1,PF,0.0,0.418,0.795,8.2,1.1,0.7,0.9,0.8,2.4,8.8
Chris Webber*,2071,0.018,11.4,29.0,1.6,5.4,PF,0.4,0.499,0.749,10.1,4.8,1.7,1.4,2.9,3.4,24.5
Bonzi Wells,2348,0.166,14.1,26.4,0.5,1.9,SG,2.3,0.486,0.741,6.0,2.8,1.5,0.3,2.6,2.8,17.0
David Wesley,2487,0.281,10.7,20.4,-0.9,-2.1,SG,3.8,0.427,0.734,2.1,3.5,1.1,0.2,1.8,2.2,14.2
Jahidi White,1346,0.0,15.8,14.1,-0.3,-1.5,C,0.0,0.538,0.539,6.3,0.2,0.4,1.1,0.9,2.3,5.4
Chris Whitney,2171,0.492,10.4,17.4,-0.3,1.5,PG,3.9,0.429,0.88,1.9,3.8,0.9,0.1,1.0,2.2,10.2
Aaron Williams,1546,0.005,13.2,17.4,0.9,-0.4,PF,0.0,0.529,0.699,4.1,0.9,0.4,0.9,1.0,2.6,7.2
Alvin Williams,2927,0.199,12.7,18.4,0.8,0.3,PG,2.4,0.438,0.736,3.4,5.7,1.6,0.3,1.8,2.3,11.8
Eric Williams,1747,0.223,16.5,15.0,1.0,-3.0,SF,1.2,0.401,0.731,3.0,1.5,1.0,0.1,1.3,2.4,6.4
Jason Williams,2236,0.437,17.2,25.3,-1.3,-0.1,PG,6.6,0.449,0.792,3.0,8.0,1.7,0.1,3.3,1.6,14.8
Jerome Williams,1641,0.0,12.5,15.2,0.8,0.6,PF,0.0,0.49,0.676,5.7,1.1,1.1,0.4,1.0,2.3,7.6
Monty Williams,1284,0.011,17.0,17.7,0.0,-0.9,SF,0.1,0.553,0.657,3.5,1.4,0.7,0.3,1.3,2.0,7.1
Scott Williams,737,0.009,13.0,16.4,-1.2,-5.5,PF,0.0,0.4,0.732,5.1,0.3,0.4,0.8,0.9,2.4,4.9
Shammond Williams,603,0.389,14.3,18.9,-0.7,0.6,SG,1.5,0.449,0.795,1.3,1.7,0.4,0.0,0.7,0.7,4.4
Walt Williams,1117,0.462,11.2,19.6,-1.6,-1.3,SF,3.8,0.413,0.784,3.4,1.4,0.4,0.2,1.1,2.2,9.4
Corliss Williamson,1701,0.006,12.8,29.8,-0.9,-0.3,SF,0.1,0.512,0.805,4.1,1.2,0.6,0.3,1.8,2.9,13.6
Kevin Willis,865,0.004,11.3,19.5,-1.4,-3.0,PF,0.0,0.442,0.747,5.8,0.3,0.5,0.4,0.8,1.9,6.1
Loren Woods,516,0.021,22.7,13.9,1.2,-2.5,C,0.0,0.351,0.733,2.0,0.4,0.3,0.6,0.6,1.0,1.8
Metta World Peace,1642,0.267,14.0,23.5,3.0,2.6,SF,3.1,0.464,0.667,4.9,2.3,2.6,0.7,2.1,3.9,13.2
Lorenzen Wright,1251,0.004,11.8,22.2,-1.6,-3.2,C,0.0,0.461,0.569,9.4,1.0,0.7,0.5,1.7,2.9,12.0
Wang Zhizhi,600,0.468,8.4,22.4,-1.1,0.7,C,2.1,0.462,0.737,2.0,0.4,0.2,0.3,0.5,1.5,5.6
